particles;years;dt;plot_interval;mode;total_runtime_seconds;total_runtime_human;mpi_ranks;particle_counts_per_rank;total_particles_reduce_check;steps;frames;actual_plot_interval_years;center_initial_conditions;initial_center_of_mass_before_correction;recenter_every_steps;gif_path;physics_model;integrator;mpi_methods;csv_delimiter;timer_initial_conditions_seconds;timer_recentering_seconds;timer_physics_seconds;timer_communication_seconds;timer_diagnostics_and_gather_seconds;timer_energy_diagnostics_seconds;timer_plotting_seconds;timer_gif_creation_seconds;timer_total_seconds;machine;test_id;source_file
2000;10000.0;25.0;1000.0;benchmark;86.275342;1.44 min;4;[500, 500, 500, 500];2000;400;11;1000.0;True;{'total_mass': 982442.0116658824, 'com_x': -0.43955091937631163, 'com_y': 1.8672435060218062, 'com_z': -0.8579044339283659, 'com_speed': 0.0031796593402094657};0;not_generated;Newtonian all-pairs N-body with gravitational softening and central mass;Leapfrog / velocity-Verlet;"bcast; scatter; allgather; isend; irecv; gather; reduce; allreduce; Barrier";";";0.002808;0.001876;82.385969;3.961101;0.042118;1.776660;0.000000;0.000000;86.275342;raw_tests;plot_cost_noplot;results\raw\plotting_cost\plot_cost_noplot\runtime_summary.csv
2000;10000.0;25.0;1000.0;report;114.992987;1.92 min;4;[500, 500, 500, 500];2000;400;11;1000.0;True;{'total_mass': 982442.0116658824, 'com_x': -0.43955091937631163, 'com_y': 1.8672435060218062, 'com_z': -0.8579044339283659, 'com_speed': 0.0031796593402094657};0;plot_cost_withplot\galaxy_physical_smooth.gif;Newtonian all-pairs N-body with gravitational softening and central mass;Leapfrog / velocity-Verlet;"bcast; scatter; allgather; isend; irecv; gather; reduce; allreduce; Barrier";";";0.002638;0.001594;89.750434;20.669321;0.071542;1.775927;18.662629;2.518485;114.992987;raw_tests;plot_cost_withplot;results\raw\plotting_cost\plot_cost_withplot\runtime_summary.csv
50000;1000.0;25.0;1000.0;benchmark;2892.660741;48.21 min;4;[12500, 12500, 12500, 12500];50000;40;2;1000.0;True;{'total_mass': 24254280.2463875, 'com_x': 0.3968772989354073, 'com_y': 0.2640707622244375, 'com_z': -0.08048315386804535, 'com_speed': 0.0004280694639717195};0;not_generated;Newtonian all-pairs N-body with gravitational softening and central mass;Leapfrog / velocity-Verlet;"bcast; scatter; allgather; isend; irecv; gather; reduce; allreduce; Barrier";";";0.010709;0.003309;2885.224521;13.029882;0.262590;0.267632;0.000000;0.000000;2892.660741;raw_tests;bench_50k;results\raw\stress_tests\bench_50k\runtime_summary.csv
10000;1000.0;25.0;1000.0;benchmark;758.749953;12.65 min;1;[10000];10000;40;2;1000.0;True;{'total_mass': 4884927.644930208, 'com_x': -0.45208742582044664, 'com_y': -0.1454588236231774, 'com_z': -0.08442312589209984, 'com_speed': 0.0008906068599727376};0;not_generated;Newtonian all-pairs N-body with gravitational softening and central mass;Leapfrog / velocity-Verlet;"bcast; scatter; allgather; isend; irecv; gather; reduce; allreduce; Barrier";";";0.007311;0.001252;758.161760;0.000000;0.035187;0.474694;0.000000;0.000000;758.749953;raw_tests;bench_10k_r1;results\raw\strong_scaling_10k\bench_10k_r1\runtime_summary.csv
10000;1000.0;25.0;1000.0;benchmark;215.968661;3.60 min;2;[5000, 5000];10000;40;2;1000.0;True;{'total_mass': 4860671.854140251, 'com_x': 0.24579474277221888, 'com_y': -0.05093290167451067, 'com_z': -0.029053151155274765, 'com_speed': 0.0012940861073982225};0;not_generated;Newtonian all-pairs N-body with gravitational softening and central mass;Leapfrog / velocity-Verlet;"bcast; scatter; allgather; isend; irecv; gather; reduce; allreduce; Barrier";";";0.004932;0.001494;215.662977;0.156372;0.006168;0.246155;0.000000;0.000000;215.968661;raw_tests;bench_10k_r2;results\raw\strong_scaling_10k\bench_10k_r2\runtime_summary.csv
10000;1000.0;25.0;1000.0;benchmark;239.547326;3.99 min;4;[2500, 2500, 2500, 2500];10000;40;2;1000.0;True;{'total_mass': 4860504.172757565, 'com_x': -0.30943859485546255, 'com_y': -0.15818796851634864, 'com_z': 0.05634892205628937, 'com_speed': 0.0006395907888662524};0;not_generated;Newtonian all-pairs N-body with gravitational softening and central mass;Leapfrog / velocity-Verlet;"bcast; scatter; allgather; isend; irecv; gather; reduce; allreduce; Barrier";";";0.004204;0.001736;237.741189;1.837231;0.064939;0.394897;0.000000;0.000000;239.547326;raw_tests;bench_10k_r4;results\raw\strong_scaling_10k\bench_10k_r4\runtime_summary.csv
10000;1000.0;25.0;1000.0;benchmark;261.720062;4.36 min;4;[2500, 2500, 2500, 2500];10000;40;2;1000.0;True;{'total_mass': 4860504.172757565, 'com_x': -0.30943859485546255, 'com_y': -0.15818796851634864, 'com_z': 0.05634892205628937, 'com_speed': 0.0006395907888662524};0;not_generated;Newtonian all-pairs N-body with gravitational softening and central mass;Leapfrog / velocity-Verlet;"bcast; scatter; allgather; isend; irecv; gather; reduce; allreduce; Barrier";";";0.004336;0.001956;259.624199;2.396976;0.051268;0.527695;0.000000;0.000000;261.720062;raw_tests;weak_10000_r4;results\raw\weak_scaling\weak_10000_r4\runtime_summary.csv
2500;1000.0;25.0;1000.0;benchmark;57.470135;57.47 s;1;[2500];2500;40;2;1000.0;True;{'total_mass': 1206021.9691098637, 'com_x': -0.7498574465421788, 'com_y': -1.1692995757116142, 'com_z': 0.0505551952667425, 'com_speed': 0.002004442784107204};0;not_generated;Newtonian all-pairs N-body with gravitational softening and central mass;Leapfrog / velocity-Verlet;"bcast; scatter; allgather; isend; irecv; gather; reduce; allreduce; Barrier";";";0.003549;0.000782;57.032789;0.000000;0.002315;0.401741;0.000000;0.000000;57.470135;raw_tests;weak_2500_r1;results\raw\weak_scaling\weak_2500_r1\runtime_summary.csv
5000;1000.0;25.0;1000.0;benchmark;102.464675;1.71 min;2;[2500, 2500];5000;40;2;1000.0;True;{'total_mass': 2430190.6306566615, 'com_x': 0.11375964794522804, 'com_y': -0.8204006409584274, 'com_z': -0.05178812255544541, 'com_speed': 0.001112779273023352};0;not_generated;Newtonian all-pairs N-body with gravitational softening and central mass;Leapfrog / velocity-Verlet;"bcast; scatter; allgather; isend; irecv; gather; reduce; allreduce; Barrier";";";0.003620;0.001153;101.820352;0.413418;0.009504;0.375751;0.000000;0.000000;102.464675;raw_tests;weak_5000_r2;results\raw\weak_scaling\weak_5000_r2\runtime_summary.csv
1000;1000.0;25.0;1000.0;benchmark;6.712350;6.71 s;1;[1000];1000;40;2;1000.0;True;{'total_mass': 484119.4215580409, 'com_x': -1.537849629764002, 'com_y': 1.1494400314449364, 'com_z': -0.24296202125951122, 'com_speed': 0.002659717705696492};0;not_generated;Newtonian all-pairs N-body with gravitational softening and central mass;Leapfrog / velocity-Verlet;"bcast; scatter; allgather; isend; irecv; gather; reduce; allreduce; Barrier";";";0.002235;0.000490;6.615919;0.000000;0.002507;0.080616;0.000000;0.000000;6.712350;Cacete;benchmark_N1000_P1_R1;results\results_pcs\Cacete\benchmark_N1000_P1_R1\runtime_summary.csv
1000;1000.0;25.0;1000.0;benchmark;6.370733;6.37 s;1;[1000];1000;40;2;1000.0;True;{'total_mass': 484119.4215580409, 'com_x': -1.537849629764002, 'com_y': 1.1494400314449364, 'com_z': -0.24296202125951122, 'com_speed': 0.002659717705696492};0;not_generated;Newtonian all-pairs N-body with gravitational softening and central mass;Leapfrog / velocity-Verlet;"bcast; scatter; allgather; isend; irecv; gather; reduce; allreduce; Barrier";";";0.002221;0.000478;6.263447;0.000000;0.002332;0.092060;0.000000;0.000000;6.370733;Cacete;benchmark_N1000_P1_R2;results\results_pcs\Cacete\benchmark_N1000_P1_R2\runtime_summary.csv
1000;1000.0;25.0;1000.0;benchmark;6.548208;6.55 s;1;[1000];1000;40;2;1000.0;True;{'total_mass': 484119.4215580409, 'com_x': -1.537849629764002, 'com_y': 1.1494400314449364, 'com_z': -0.24296202125951122, 'com_speed': 0.002659717705696492};0;not_generated;Newtonian all-pairs N-body with gravitational softening and central mass;Leapfrog / velocity-Verlet;"bcast; scatter; allgather; isend; irecv; gather; reduce; allreduce; Barrier";";";0.002460;0.000568;6.451691;0.000000;0.001651;0.080545;0.000000;0.000000;6.548208;Cacete;benchmark_N1000_P1_R3;results\results_pcs\Cacete\benchmark_N1000_P1_R3\runtime_summary.csv
1000;1000.0;25.0;1000.0;benchmark;2.660172;2.66 s;2;[500, 500];1000;40;2;1000.0;True;{'total_mass': 487254.86199814884, 'com_x': 0.41806842316458065, 'com_y': 1.4849691861035983, 'com_z': -0.41933000470847026, 'com_speed': 0.003903222310232151};0;not_generated;Newtonian all-pairs N-body with gravitational softening and central mass;Leapfrog / velocity-Verlet;"bcast; scatter; allgather; isend; irecv; gather; reduce; allreduce; Barrier";";";0.002839;0.001392;2.551357;0.046915;0.002038;0.084300;0.000000;0.000000;2.660172;Cacete;benchmark_N1000_P2_R1;results\results_pcs\Cacete\benchmark_N1000_P2_R1\runtime_summary.csv
1000;1000.0;25.0;1000.0;benchmark;2.607859;2.61 s;2;[500, 500];1000;40;2;1000.0;True;{'total_mass': 487254.86199814884, 'com_x': 0.41806842316458065, 'com_y': 1.4849691861035983, 'com_z': -0.41933000470847026, 'com_speed': 0.003903222310232151};0;not_generated;Newtonian all-pairs N-body with gravitational softening and central mass;Leapfrog / velocity-Verlet;"bcast; scatter; allgather; isend; irecv; gather; reduce; allreduce; Barrier";";";0.003618;0.001453;2.490679;0.054979;0.003398;0.086358;0.000000;0.000000;2.607859;Cacete;benchmark_N1000_P2_R2;results\results_pcs\Cacete\benchmark_N1000_P2_R2\runtime_summary.csv
1000;1000.0;25.0;1000.0;benchmark;2.652393;2.65 s;2;[500, 500];1000;40;2;1000.0;True;{'total_mass': 487254.86199814884, 'com_x': 0.41806842316458065, 'com_y': 1.4849691861035983, 'com_z': -0.41933000470847026, 'com_speed': 0.003903222310232151};0;not_generated;Newtonian all-pairs N-body with gravitational softening and central mass;Leapfrog / velocity-Verlet;"bcast; scatter; allgather; isend; irecv; gather; reduce; allreduce; Barrier";";";0.002742;0.001333;2.531832;0.055400;0.003506;0.088907;0.000000;0.000000;2.652393;Cacete;benchmark_N1000_P2_R3;results\results_pcs\Cacete\benchmark_N1000_P2_R3\runtime_summary.csv
1000;1000.0;25.0;1000.0;benchmark;1.239927;1.24 s;4;[250, 250, 250, 250];1000;40;2;1000.0;True;{'total_mass': 487032.4835002239, 'com_x': -1.4528614832768303, 'com_y': -1.5497299355184504, 'com_z': -0.26879976828723207, 'com_speed': 0.0027465048804115283};0;not_generated;Newtonian all-pairs N-body with gravitational softening and central mass;Leapfrog / velocity-Verlet;"bcast; scatter; allgather; isend; irecv; gather; reduce; allreduce; Barrier";";";0.002776;0.001121;1.126766;0.084022;0.002746;0.061042;0.000000;0.000000;1.239927;Cacete;benchmark_N1000_P4_R1;results\results_pcs\Cacete\benchmark_N1000_P4_R1\runtime_summary.csv
1000;1000.0;25.0;1000.0;benchmark;1.242791;1.24 s;4;[250, 250, 250, 250];1000;40;2;1000.0;True;{'total_mass': 487032.4835002239, 'com_x': -1.4528614832768303, 'com_y': -1.5497299355184504, 'com_z': -0.26879976828723207, 'com_speed': 0.0027465048804115283};0;not_generated;Newtonian all-pairs N-body with gravitational softening and central mass;Leapfrog / velocity-Verlet;"bcast; scatter; allgather; isend; irecv; gather; reduce; allreduce; Barrier";";";0.002561;0.001458;1.131829;0.087061;0.002473;0.060863;0.000000;0.000000;1.242791;Cacete;benchmark_N1000_P4_R2;results\results_pcs\Cacete\benchmark_N1000_P4_R2\runtime_summary.csv
1000;1000.0;25.0;1000.0;benchmark;1.265997;1.27 s;4;[250, 250, 250, 250];1000;40;2;1000.0;True;{'total_mass': 487032.4835002239, 'com_x': -1.4528614832768303, 'com_y': -1.5497299355184504, 'com_z': -0.26879976828723207, 'com_speed': 0.0027465048804115283};0;not_generated;Newtonian all-pairs N-body with gravitational softening and central mass;Leapfrog / velocity-Verlet;"bcast; scatter; allgather; isend; irecv; gather; reduce; allreduce; Barrier";";";0.002720;0.001810;1.158766;0.073822;0.003118;0.060358;0.000000;0.000000;1.265997;Cacete;benchmark_N1000_P4_R3;results\results_pcs\Cacete\benchmark_N1000_P4_R3\runtime_summary.csv
1500;1000.0;25.0;1000.0;benchmark;17.976881;17.98 s;1;[1500];1500;40;2;1000.0;True;{'total_mass': 731912.8784950824, 'com_x': -0.796923573237358, 'com_y': 1.3603072246079873, 'com_z': 0.11407155608226605, 'com_speed': 0.004726115211324676};0;not_generated;Newtonian all-pairs N-body with gravitational softening and central mass;Leapfrog / velocity-Verlet;"bcast; scatter; allgather; isend; irecv; gather; reduce; allreduce; Barrier";";";0.002542;0.000557;17.756838;0.000000;0.002472;0.196325;0.000000;0.000000;17.976881;Cacete;benchmark_N1500_P1_R1;results\results_pcs\Cacete\benchmark_N1500_P1_R1\runtime_summary.csv
1500;1000.0;25.0;1000.0;benchmark;17.203313;17.20 s;1;[1500];1500;40;2;1000.0;True;{'total_mass': 731912.8784950824, 'com_x': -0.796923573237358, 'com_y': 1.3603072246079873, 'com_z': 0.11407155608226605, 'com_speed': 0.004726115211324676};0;not_generated;Newtonian all-pairs N-body with gravitational softening and central mass;Leapfrog / velocity-Verlet;"bcast; scatter; allgather; isend; irecv; gather; reduce; allreduce; Barrier";";";0.002546;0.000540;17.036375;0.000000;0.002551;0.144415;0.000000;0.000000;17.203313;Cacete;benchmark_N1500_P1_R2;results\results_pcs\Cacete\benchmark_N1500_P1_R2\runtime_summary.csv
1500;1000.0;25.0;1000.0;benchmark;15.748093;15.75 s;1;[1500];1500;40;2;1000.0;True;{'total_mass': 731912.8784950824, 'com_x': -0.796923573237358, 'com_y': 1.3603072246079873, 'com_z': 0.11407155608226605, 'com_speed': 0.004726115211324676};0;not_generated;Newtonian all-pairs N-body with gravitational softening and central mass;Leapfrog / velocity-Verlet;"bcast; scatter; allgather; isend; irecv; gather; reduce; allreduce; Barrier";";";0.002506;0.000529;15.583896;0.000000;0.002607;0.142194;0.000000;0.000000;15.748093;Cacete;benchmark_N1500_P1_R3;results\results_pcs\Cacete\benchmark_N1500_P1_R3\runtime_summary.csv
1500;1000.0;25.0;1000.0;benchmark;7.866746;7.87 s;2;[750, 750];1500;40;2;1000.0;True;{'total_mass': 729887.5153673517, 'com_x': 1.4485667399185462, 'com_y': 0.2728512250222165, 'com_z': 0.4692868438218336, 'com_speed': 0.0026562797559471435};0;not_generated;Newtonian all-pairs N-body with gravitational softening and central mass;Leapfrog / velocity-Verlet;"bcast; scatter; allgather; isend; irecv; gather; reduce; allreduce; Barrier";";";0.002896;0.000847;7.653479;0.077951;0.005084;0.169841;0.000000;0.000000;7.866746;Cacete;benchmark_N1500_P2_R1;results\results_pcs\Cacete\benchmark_N1500_P2_R1\runtime_summary.csv
1500;1000.0;25.0;1000.0;benchmark;8.178437;8.18 s;2;[750, 750];1500;40;2;1000.0;True;{'total_mass': 729887.5153673517, 'com_x': 1.4485667399185462, 'com_y': 0.2728512250222165, 'com_z': 0.4692868438218336, 'com_speed': 0.0026562797559471435};0;not_generated;Newtonian all-pairs N-body with gravitational softening and central mass;Leapfrog / velocity-Verlet;"bcast; scatter; allgather; isend; irecv; gather; reduce; allreduce; Barrier";";";0.002624;0.001145;7.841218;0.092612;0.016857;0.267833;0.000000;0.000000;8.178437;Cacete;benchmark_N1500_P2_R2;results\results_pcs\Cacete\benchmark_N1500_P2_R2\runtime_summary.csv
1500;1000.0;25.0;1000.0;benchmark;8.235084;8.24 s;2;[750, 750];1500;40;2;1000.0;True;{'total_mass': 729887.5153673517, 'com_x': 1.4485667399185462, 'com_y': 0.2728512250222165, 'com_z': 0.4692868438218336, 'com_speed': 0.0026562797559471435};0;not_generated;Newtonian all-pairs N-body with gravitational softening and central mass;Leapfrog / velocity-Verlet;"bcast; scatter; allgather; isend; irecv; gather; reduce; allreduce; Barrier";";";0.002729;0.000870;8.027381;0.091510;0.003176;0.152649;0.000000;0.000000;8.235084;Cacete;benchmark_N1500_P2_R3;results\results_pcs\Cacete\benchmark_N1500_P2_R3\runtime_summary.csv
1500;1000.0;25.0;1000.0;benchmark;3.734887;3.73 s;4;[375, 375, 375, 375];1500;40;2;1000.0;True;{'total_mass': 727682.7527854944, 'com_x': -0.29836862144908854, 'com_y': -0.4737964382209859, 'com_z': -0.457454149525691, 'com_speed': 0.003391057136564853};0;not_generated;Newtonian all-pairs N-body with gravitational softening and central mass;Leapfrog / velocity-Verlet;"bcast; scatter; allgather; isend; irecv; gather; reduce; allreduce; Barrier";";";0.002825;0.000946;3.386321;0.272430;0.007946;0.177373;0.000000;0.000000;3.734887;Cacete;benchmark_N1500_P4_R1;results\results_pcs\Cacete\benchmark_N1500_P4_R1\runtime_summary.csv
1500;1000.0;25.0;1000.0;benchmark;3.498579;3.50 s;4;[375, 375, 375, 375];1500;40;2;1000.0;True;{'total_mass': 727682.7527854944, 'com_x': -0.29836862144908854, 'com_y': -0.4737964382209859, 'com_z': -0.457454149525691, 'com_speed': 0.003391057136564853};0;not_generated;Newtonian all-pairs N-body with gravitational softening and central mass;Leapfrog / velocity-Verlet;"bcast; scatter; allgather; isend; irecv; gather; reduce; allreduce; Barrier";";";0.002779;0.001379;3.224121;0.204086;0.007491;0.149220;0.000000;0.000000;3.498579;Cacete;benchmark_N1500_P4_R2;results\results_pcs\Cacete\benchmark_N1500_P4_R2\runtime_summary.csv
1500;1000.0;25.0;1000.0;benchmark;3.612954;3.61 s;4;[375, 375, 375, 375];1500;40;2;1000.0;True;{'total_mass': 727682.7527854944, 'com_x': -0.29836862144908854, 'com_y': -0.4737964382209859, 'com_z': -0.457454149525691, 'com_speed': 0.003391057136564853};0;not_generated;Newtonian all-pairs N-body with gravitational softening and central mass;Leapfrog / velocity-Verlet;"bcast; scatter; allgather; isend; irecv; gather; reduce; allreduce; Barrier";";";0.003234;0.001753;3.229924;0.207565;0.006548;0.240816;0.000000;0.000000;3.612954;Cacete;benchmark_N1500_P4_R3;results\results_pcs\Cacete\benchmark_N1500_P4_R3\runtime_summary.csv
2000;1000.0;25.0;1000.0;benchmark;30.722369;30.72 s;1;[2000];2000;40;2;1000.0;True;{'total_mass': 973068.9471570603, 'com_x': 0.26796783638657656, 'com_y': -0.11784278733434228, 'com_z': -0.07703508960068618, 'com_speed': 0.00035218803969960723};0;not_generated;Newtonian all-pairs N-body with gravitational softening and central mass;Leapfrog / velocity-Verlet;"bcast; scatter; allgather; isend; irecv; gather; reduce; allreduce; Barrier";";";0.003164;0.000686;30.466946;0.000000;0.002909;0.231463;0.000000;0.000000;30.722369;Cacete;benchmark_N2000_P1_R1;results\results_pcs\Cacete\benchmark_N2000_P1_R1\runtime_summary.csv
2000;1000.0;25.0;1000.0;benchmark;29.320251;29.32 s;1;[2000];2000;40;2;1000.0;True;{'total_mass': 973068.9471570603, 'com_x': 0.26796783638657656, 'com_y': -0.11784278733434228, 'com_z': -0.07703508960068618, 'com_speed': 0.00035218803969960723};0;not_generated;Newtonian all-pairs N-body with gravitational softening and central mass;Leapfrog / velocity-Verlet;"bcast; scatter; allgather; isend; irecv; gather; reduce; allreduce; Barrier";";";0.002798;0.000580;29.083968;0.000000;0.002420;0.212415;0.000000;0.000000;29.320251;Cacete;benchmark_N2000_P1_R2;results\results_pcs\Cacete\benchmark_N2000_P1_R2\runtime_summary.csv
2000;1000.0;25.0;1000.0;benchmark;29.370633;29.37 s;1;[2000];2000;40;2;1000.0;True;{'total_mass': 973068.9471570603, 'com_x': 0.26796783638657656, 'com_y': -0.11784278733434228, 'com_z': -0.07703508960068618, 'com_speed': 0.00035218803969960723};0;not_generated;Newtonian all-pairs N-body with gravitational softening and central mass;Leapfrog / velocity-Verlet;"bcast; scatter; allgather; isend; irecv; gather; reduce; allreduce; Barrier";";";0.002777;0.000579;29.120237;0.000000;0.003778;0.226587;0.000000;0.000000;29.370633;Cacete;benchmark_N2000_P1_R3;results\results_pcs\Cacete\benchmark_N2000_P1_R3\runtime_summary.csv
2000;1000.0;25.0;1000.0;benchmark;13.730007;13.73 s;2;[1000, 1000];2000;40;2;1000.0;True;{'total_mass': 970900.115129367, 'com_x': -0.4260024045371707, 'com_y': 0.36924759069309854, 'com_z': -0.06296967697742718, 'com_speed': 0.0006233429287988826};0;not_generated;Newtonian all-pairs N-body with gravitational softening and central mass;Leapfrog / velocity-Verlet;"bcast; scatter; allgather; isend; irecv; gather; reduce; allreduce; Barrier";";";0.002744;0.000806;13.429350;0.157952;0.003036;0.221621;0.000000;0.000000;13.730007;Cacete;benchmark_N2000_P2_R1;results\results_pcs\Cacete\benchmark_N2000_P2_R1\runtime_summary.csv
2000;1000.0;25.0;1000.0;benchmark;13.277679;13.28 s;2;[1000, 1000];2000;40;2;1000.0;True;{'total_mass': 970900.115129367, 'com_x': -0.4260024045371707, 'com_y': 0.36924759069309854, 'com_z': -0.06296967697742718, 'com_speed': 0.0006233429287988826};0;not_generated;Newtonian all-pairs N-body with gravitational softening and central mass;Leapfrog / velocity-Verlet;"bcast; scatter; allgather; isend; irecv; gather; reduce; allreduce; Barrier";";";0.002885;0.001341;13.021796;0.119454;0.003436;0.219745;0.000000;0.000000;13.277679;Cacete;benchmark_N2000_P2_R2;results\results_pcs\Cacete\benchmark_N2000_P2_R2\runtime_summary.csv
2000;1000.0;25.0;1000.0;benchmark;14.436443;14.44 s;2;[1000, 1000];2000;40;2;1000.0;True;{'total_mass': 970900.115129367, 'com_x': -0.4260024045371707, 'com_y': 0.36924759069309854, 'com_z': -0.06296967697742718, 'com_speed': 0.0006233429287988826};0;not_generated;Newtonian all-pairs N-body with gravitational softening and central mass;Leapfrog / velocity-Verlet;"bcast; scatter; allgather; isend; irecv; gather; reduce; allreduce; Barrier";";";0.002968;0.000791;14.140324;0.127422;0.005922;0.236277;0.000000;0.000000;14.436443;Cacete;benchmark_N2000_P2_R3;results\results_pcs\Cacete\benchmark_N2000_P2_R3\runtime_summary.csv
2000;1000.0;25.0;1000.0;benchmark;7.044491;7.04 s;4;[500, 500, 500, 500];2000;40;2;1000.0;True;{'total_mass': 982442.0116658824, 'com_x': -0.43955091937631163, 'com_y': 1.8672435060218062, 'com_z': -0.8579044339283659, 'com_speed': 0.0031796593402094657};0;not_generated;Newtonian all-pairs N-body with gravitational softening and central mass;Leapfrog / velocity-Verlet;"bcast; scatter; allgather; isend; irecv; gather; reduce; allreduce; Barrier";";";0.002908;0.001683;6.604554;0.316558;0.005277;0.252917;0.000000;0.000000;7.044491;Cacete;benchmark_N2000_P4_R1;results\results_pcs\Cacete\benchmark_N2000_P4_R1\runtime_summary.csv
2000;1000.0;25.0;1000.0;benchmark;7.041287;7.04 s;4;[500, 500, 500, 500];2000;40;2;1000.0;True;{'total_mass': 982442.0116658824, 'com_x': -0.43955091937631163, 'com_y': 1.8672435060218062, 'com_z': -0.8579044339283659, 'com_speed': 0.0031796593402094657};0;not_generated;Newtonian all-pairs N-body with gravitational softening and central mass;Leapfrog / velocity-Verlet;"bcast; scatter; allgather; isend; irecv; gather; reduce; allreduce; Barrier";";";0.002959;0.001193;6.622295;0.305035;0.009551;0.217219;0.000000;0.000000;7.041287;Cacete;benchmark_N2000_P4_R2;results\results_pcs\Cacete\benchmark_N2000_P4_R2\runtime_summary.csv
2000;1000.0;25.0;1000.0;benchmark;7.718475;7.72 s;4;[500, 500, 500, 500];2000;40;2;1000.0;True;{'total_mass': 982442.0116658824, 'com_x': -0.43955091937631163, 'com_y': 1.8672435060218062, 'com_z': -0.8579044339283659, 'com_speed': 0.0031796593402094657};0;not_generated;Newtonian all-pairs N-body with gravitational softening and central mass;Leapfrog / velocity-Verlet;"bcast; scatter; allgather; isend; irecv; gather; reduce; allreduce; Barrier";";";0.002804;0.001704;7.292555;0.261603;0.008908;0.262157;0.000000;0.000000;7.718475;Cacete;benchmark_N2000_P4_R3;results\results_pcs\Cacete\benchmark_N2000_P4_R3\runtime_summary.csv
500;1000.0;25.0;1000.0;benchmark;1.105164;1.11 s;1;[500];500;40;2;1000.0;True;{'total_mass': 245284.5089019017, 'com_x': 2.7883542905755276, 'com_y': 1.8787689569936314, 'com_z': -0.8376273255928602, 'com_speed': 0.006905065210668739};0;not_generated;Newtonian all-pairs N-body with gravitational softening and central mass;Leapfrog / velocity-Verlet;"bcast; scatter; allgather; isend; irecv; gather; reduce; allreduce; Barrier";";";0.002540;0.000434;1.075122;0.000000;0.001370;0.023295;0.000000;0.000000;1.105164;Cacete;benchmark_N500_P1_R1;results\results_pcs\Cacete\benchmark_N500_P1_R1\runtime_summary.csv
500;1000.0;25.0;1000.0;benchmark;1.182715;1.18 s;1;[500];500;40;2;1000.0;True;{'total_mass': 245284.5089019017, 'com_x': 2.7883542905755276, 'com_y': 1.8787689569936314, 'com_z': -0.8376273255928602, 'com_speed': 0.006905065210668739};0;not_generated;Newtonian all-pairs N-body with gravitational softening and central mass;Leapfrog / velocity-Verlet;"bcast; scatter; allgather; isend; irecv; gather; reduce; allreduce; Barrier";";";0.002384;0.000834;1.146500;0.000000;0.001892;0.027302;0.000000;0.000000;1.182715;Cacete;benchmark_N500_P1_R2;results\results_pcs\Cacete\benchmark_N500_P1_R2\runtime_summary.csv
500;1000.0;25.0;1000.0;benchmark;1.132531;1.13 s;1;[500];500;40;2;1000.0;True;{'total_mass': 245284.5089019017, 'com_x': 2.7883542905755276, 'com_y': 1.8787689569936314, 'com_z': -0.8376273255928602, 'com_speed': 0.006905065210668739};0;not_generated;Newtonian all-pairs N-body with gravitational softening and central mass;Leapfrog / velocity-Verlet;"bcast; scatter; allgather; isend; irecv; gather; reduce; allreduce; Barrier";";";0.001951;0.000453;1.100391;0.000000;0.001353;0.024031;0.000000;0.000000;1.132531;Cacete;benchmark_N500_P1_R3;results\results_pcs\Cacete\benchmark_N500_P1_R3\runtime_summary.csv
500;1000.0;25.0;1000.0;benchmark;0.553469;0.55 s;2;[250, 250];500;40;2;1000.0;True;{'total_mass': 247758.50789806183, 'com_x': 0.7352998625050127, 'com_y': -1.9488855682840414, 'com_z': 0.09052535604970235, 'com_speed': 0.005266988100213599};0;not_generated;Newtonian all-pairs N-body with gravitational softening and central mass;Leapfrog / velocity-Verlet;"bcast; scatter; allgather; isend; irecv; gather; reduce; allreduce; Barrier";";";0.002321;0.000796;0.517851;0.021524;0.001337;0.023917;0.000000;0.000000;0.553469;Cacete;benchmark_N500_P2_R1;results\results_pcs\Cacete\benchmark_N500_P2_R1\runtime_summary.csv
500;1000.0;25.0;1000.0;benchmark;0.596556;0.60 s;2;[250, 250];500;40;2;1000.0;True;{'total_mass': 247758.50789806183, 'com_x': 0.7352998625050127, 'com_y': -1.9488855682840414, 'com_z': 0.09052535604970235, 'com_speed': 0.005266988100213599};0;not_generated;Newtonian all-pairs N-body with gravitational softening and central mass;Leapfrog / velocity-Verlet;"bcast; scatter; allgather; isend; irecv; gather; reduce; allreduce; Barrier";";";0.002638;0.001321;0.551108;0.043386;0.002302;0.024811;0.000000;0.000000;0.596556;Cacete;benchmark_N500_P2_R2;results\results_pcs\Cacete\benchmark_N500_P2_R2\runtime_summary.csv
500;1000.0;25.0;1000.0;benchmark;0.552624;0.55 s;2;[250, 250];500;40;2;1000.0;True;{'total_mass': 247758.50789806183, 'com_x': 0.7352998625050127, 'com_y': -1.9488855682840414, 'com_z': 0.09052535604970235, 'com_speed': 0.005266988100213599};0;not_generated;Newtonian all-pairs N-body with gravitational softening and central mass;Leapfrog / velocity-Verlet;"bcast; scatter; allgather; isend; irecv; gather; reduce; allreduce; Barrier";";";0.002436;0.001114;0.514398;0.024649;0.001700;0.023848;0.000000;0.000000;0.552624;Cacete;benchmark_N500_P2_R3;results\results_pcs\Cacete\benchmark_N500_P2_R3\runtime_summary.csv
500;1000.0;25.0;1000.0;benchmark;0.307616;0.31 s;4;[125, 125, 125, 125];500;40;2;1000.0;True;{'total_mass': 246334.41419434952, 'com_x': 0.27972088852271965, 'com_y': -1.0222100377756254, 'com_z': 0.045338231035041136, 'com_speed': 0.001788562022128256};0;not_generated;Newtonian all-pairs N-body with gravitational softening and central mass;Leapfrog / velocity-Verlet;"bcast; scatter; allgather; isend; irecv; gather; reduce; allreduce; Barrier";";";0.002704;0.001267;0.259767;0.037725;0.002014;0.023592;0.000000;0.000000;0.307616;Cacete;benchmark_N500_P4_R1;results\results_pcs\Cacete\benchmark_N500_P4_R1\runtime_summary.csv
500;1000.0;25.0;1000.0;benchmark;0.313547;0.31 s;4;[125, 125, 125, 125];500;40;2;1000.0;True;{'total_mass': 246334.41419434952, 'com_x': 0.27972088852271965, 'com_y': -1.0222100377756254, 'com_z': 0.045338231035041136, 'com_speed': 0.001788562022128256};0;not_generated;Newtonian all-pairs N-body with gravitational softening and central mass;Leapfrog / velocity-Verlet;"bcast; scatter; allgather; isend; irecv; gather; reduce; allreduce; Barrier";";";0.002543;0.001295;0.262697;0.039152;0.001846;0.023658;0.000000;0.000000;0.313547;Cacete;benchmark_N500_P4_R2;results\results_pcs\Cacete\benchmark_N500_P4_R2\runtime_summary.csv
500;1000.0;25.0;1000.0;benchmark;0.305902;0.31 s;4;[125, 125, 125, 125];500;40;2;1000.0;True;{'total_mass': 246334.41419434952, 'com_x': 0.27972088852271965, 'com_y': -1.0222100377756254, 'com_z': 0.045338231035041136, 'com_speed': 0.001788562022128256};0;not_generated;Newtonian all-pairs N-body with gravitational softening and central mass;Leapfrog / velocity-Verlet;"bcast; scatter; allgather; isend; irecv; gather; reduce; allreduce; Barrier";";";0.003029;0.002600;0.260072;0.037561;0.002644;0.023791;0.000000;0.000000;0.305902;Cacete;benchmark_N500_P4_R3;results\results_pcs\Cacete\benchmark_N500_P4_R3\runtime_summary.csv
1000;1000.0;25.0;1000.0;custom;3.512357;3.51 s;4;[250, 250, 250, 250];1000;40;2;1000.0;True;{'total_mass': 487032.4835002239, 'com_x': -1.4528614832768303, 'com_y': -1.5497299355184504, 'com_z': -0.26879976828723207, 'com_speed': 0.0027465048804115283};0;not_generated;Newtonian all-pairs N-body with gravitational softening and central mass;Leapfrog / velocity-Verlet;"bcast; scatter; allgather; isend; irecv; gather; reduce; allreduce; Barrier";";";0.002369;0.002082;1.128402;1.057939;0.002233;0.060359;2.292337;0.000000;3.512357;Cacete;plot_no_gif_N1000_P4_R1;results\results_pcs\Cacete\plot_no_gif_N1000_P4_R1\runtime_summary.csv
1000;1000.0;25.0;1000.0;custom;3.621527;3.62 s;4;[250, 250, 250, 250];1000;40;2;1000.0;True;{'total_mass': 487032.4835002239, 'com_x': -1.4528614832768303, 'com_y': -1.5497299355184504, 'com_z': -0.26879976828723207, 'com_speed': 0.0027465048804115283};0;not_generated;Newtonian all-pairs N-body with gravitational softening and central mass;Leapfrog / velocity-Verlet;"bcast; scatter; allgather; isend; irecv; gather; reduce; allreduce; Barrier";";";0.002277;0.001428;1.109451;0.989874;0.001725;0.060694;2.407467;0.000000;3.621527;Cacete;plot_no_gif_N1000_P4_R2;results\results_pcs\Cacete\plot_no_gif_N1000_P4_R2\runtime_summary.csv
1000;1000.0;25.0;1000.0;custom;3.618805;3.62 s;4;[250, 250, 250, 250];1000;40;2;1000.0;True;{'total_mass': 487032.4835002239, 'com_x': -1.4528614832768303, 'com_y': -1.5497299355184504, 'com_z': -0.26879976828723207, 'com_speed': 0.0027465048804115283};0;not_generated;Newtonian all-pairs N-body with gravitational softening and central mass;Leapfrog / velocity-Verlet;"bcast; scatter; allgather; isend; irecv; gather; reduce; allreduce; Barrier";";";0.002800;0.001943;1.111382;0.979257;0.001971;0.061057;2.411520;0.000000;3.618805;Cacete;plot_no_gif_N1000_P4_R3;results\results_pcs\Cacete\plot_no_gif_N1000_P4_R3\runtime_summary.csv
1000;1000.0;25.0;1000.0;benchmark;3.890418;3.89 s;1;[1000];1000;40;2;1000.0;True;{'total_mass': 484119.4215580409, 'com_x': -1.537849629764002, 'com_y': 1.1494400314449364, 'com_z': -0.24296202125951122, 'com_speed': 0.0026597177056964924};0;not_generated;Newtonian all-pairs N-body with gravitational softening and central mass;Leapfrog / velocity-Verlet;"bcast; scatter; allgather; isend; irecv; gather; reduce; allreduce; Barrier";";";0.001277;0.000358;3.814778;0.000000;0.001142;0.060532;0.000000;0.000000;3.890418;DESKTOP-CVDFUJ0;benchmark_N1000_P1_R1;results\results_pcs\DESKTOP-CVDFUJ0\benchmark_N1000_P1_R1\runtime_summary.csv
1000;1000.0;25.0;1000.0;benchmark;4.041039;4.04 s;1;[1000];1000;40;2;1000.0;True;{'total_mass': 484119.4215580409, 'com_x': -1.537849629764002, 'com_y': 1.1494400314449364, 'com_z': -0.24296202125951122, 'com_speed': 0.0026597177056964924};0;not_generated;Newtonian all-pairs N-body with gravitational softening and central mass;Leapfrog / velocity-Verlet;"bcast; scatter; allgather; isend; irecv; gather; reduce; allreduce; Barrier";";";0.001451;0.000318;3.964761;0.000000;0.001148;0.060956;0.000000;0.000000;4.041039;DESKTOP-CVDFUJ0;benchmark_N1000_P1_R2;results\results_pcs\DESKTOP-CVDFUJ0\benchmark_N1000_P1_R2\runtime_summary.csv
1000;1000.0;25.0;1000.0;benchmark;3.892476;3.89 s;1;[1000];1000;40;2;1000.0;True;{'total_mass': 484119.4215580409, 'com_x': -1.537849629764002, 'com_y': 1.1494400314449364, 'com_z': -0.24296202125951122, 'com_speed': 0.0026597177056964924};0;not_generated;Newtonian all-pairs N-body with gravitational softening and central mass;Leapfrog / velocity-Verlet;"bcast; scatter; allgather; isend; irecv; gather; reduce; allreduce; Barrier";";";0.001286;0.000340;3.815653;0.000000;0.001480;0.060610;0.000000;0.000000;3.892476;DESKTOP-CVDFUJ0;benchmark_N1000_P1_R3;results\results_pcs\DESKTOP-CVDFUJ0\benchmark_N1000_P1_R3\runtime_summary.csv
1000;1000.0;25.0;1000.0;benchmark;2.353551;2.35 s;2;[500, 500];1000;40;2;1000.0;True;{'total_mass': 487254.86199814884, 'com_x': 0.41806842316458065, 'com_y': 1.4849691861035983, 'com_z': -0.41933000470847026, 'com_speed': 0.0039032223102321508};0;not_generated;Newtonian all-pairs N-body with gravitational softening and central mass;Leapfrog / velocity-Verlet;"bcast; scatter; allgather; isend; irecv; gather; reduce; allreduce; Barrier";";";0.002499;0.000694;2.254353;0.065862;0.002491;0.064365;0.000000;0.000000;2.353551;DESKTOP-CVDFUJ0;benchmark_N1000_P2_R1;results\results_pcs\DESKTOP-CVDFUJ0\benchmark_N1000_P2_R1\runtime_summary.csv
1000;1000.0;25.0;1000.0;benchmark;2.394043;2.39 s;2;[500, 500];1000;40;2;1000.0;True;{'total_mass': 487254.86199814884, 'com_x': 0.41806842316458065, 'com_y': 1.4849691861035983, 'com_z': -0.41933000470847026, 'com_speed': 0.0039032223102321508};0;not_generated;Newtonian all-pairs N-body with gravitational softening and central mass;Leapfrog / velocity-Verlet;"bcast; scatter; allgather; isend; irecv; gather; reduce; allreduce; Barrier";";";0.003316;0.000832;2.284297;0.068825;0.010769;0.061832;0.000000;0.000000;2.394043;DESKTOP-CVDFUJ0;benchmark_N1000_P2_R2;results\results_pcs\DESKTOP-CVDFUJ0\benchmark_N1000_P2_R2\runtime_summary.csv
1000;1000.0;25.0;1000.0;benchmark;2.510281;2.51 s;2;[500, 500];1000;40;2;1000.0;True;{'total_mass': 487254.86199814884, 'com_x': 0.41806842316458065, 'com_y': 1.4849691861035983, 'com_z': -0.41933000470847026, 'com_speed': 0.0039032223102321508};0;not_generated;Newtonian all-pairs N-body with gravitational softening and central mass;Leapfrog / velocity-Verlet;"bcast; scatter; allgather; isend; irecv; gather; reduce; allreduce; Barrier";";";0.002391;0.000832;2.394733;0.070287;0.001632;0.066037;0.000000;0.000000;2.510281;DESKTOP-CVDFUJ0;benchmark_N1000_P2_R3;results\results_pcs\DESKTOP-CVDFUJ0\benchmark_N1000_P2_R3\runtime_summary.csv
1000;1000.0;25.0;1000.0;benchmark;1.819362;1.82 s;4;[250, 250, 250, 250];1000;40;2;1000.0;True;{'total_mass': 487032.4835002239, 'com_x': -1.4528614832768303, 'com_y': -1.5497299355184504, 'com_z': -0.26879976828723207, 'com_speed': 0.0027465048804115287};0;not_generated;Newtonian all-pairs N-body with gravitational softening and central mass;Leapfrog / velocity-Verlet;"bcast; scatter; allgather; isend; irecv; gather; reduce; allreduce; Barrier";";";0.002933;0.001343;1.556978;0.257150;0.005082;0.065168;0.000000;0.000000;1.819362;DESKTOP-CVDFUJ0;benchmark_N1000_P4_R1;results\results_pcs\DESKTOP-CVDFUJ0\benchmark_N1000_P4_R1\runtime_summary.csv
1000;1000.0;25.0;1000.0;benchmark;1.667394;1.67 s;4;[250, 250, 250, 250];1000;40;2;1000.0;True;{'total_mass': 487032.4835002239, 'com_x': -1.4528614832768303, 'com_y': -1.5497299355184504, 'com_z': -0.26879976828723207, 'com_speed': 0.0027465048804115287};0;not_generated;Newtonian all-pairs N-body with gravitational softening and central mass;Leapfrog / velocity-Verlet;"bcast; scatter; allgather; isend; irecv; gather; reduce; allreduce; Barrier";";";0.002810;0.001061;1.443265;0.240676;0.007028;0.064698;0.000000;0.000000;1.667394;DESKTOP-CVDFUJ0;benchmark_N1000_P4_R2;results\results_pcs\DESKTOP-CVDFUJ0\benchmark_N1000_P4_R2\runtime_summary.csv
1000;1000.0;25.0;1000.0;benchmark;1.626834;1.63 s;4;[250, 250, 250, 250];1000;40;2;1000.0;True;{'total_mass': 487032.4835002239, 'com_x': -1.4528614832768303, 'com_y': -1.5497299355184504, 'com_z': -0.26879976828723207, 'com_speed': 0.0027465048804115287};0;not_generated;Newtonian all-pairs N-body with gravitational softening and central mass;Leapfrog / velocity-Verlet;"bcast; scatter; allgather; isend; irecv; gather; reduce; allreduce; Barrier";";";0.002788;0.001286;1.421295;0.207589;0.006494;0.063474;0.000000;0.000000;1.626834;DESKTOP-CVDFUJ0;benchmark_N1000_P4_R3;results\results_pcs\DESKTOP-CVDFUJ0\benchmark_N1000_P4_R3\runtime_summary.csv
1000;1000.0;25.0;1000.0;benchmark;1.248996;1.25 s;8;[125, 125, 125, 125, 125, 125, 125, 125];1000;40;2;1000.0;True;{'total_mass': 486047.9912697037, 'com_x': 1.1696611427209822, 'com_y': -1.9627521247335886, 'com_z': 0.126458135091456, 'com_speed': 0.0034014448922922453};0;not_generated;Newtonian all-pairs N-body with gravitational softening and central mass;Leapfrog / velocity-Verlet;"bcast; scatter; allgather; isend; irecv; gather; reduce; allreduce; Barrier";";";0.002074;0.001852;0.974601;0.273224;0.006264;0.068323;0.000000;0.000000;1.248996;DESKTOP-CVDFUJ0;benchmark_N1000_P8_R1;results\results_pcs\DESKTOP-CVDFUJ0\benchmark_N1000_P8_R1\runtime_summary.csv
1000;1000.0;25.0;1000.0;benchmark;1.246756;1.25 s;8;[125, 125, 125, 125, 125, 125, 125, 125];1000;40;2;1000.0;True;{'total_mass': 486047.9912697037, 'com_x': 1.1696611427209822, 'com_y': -1.9627521247335886, 'com_z': 0.126458135091456, 'com_speed': 0.0034014448922922453};0;not_generated;Newtonian all-pairs N-body with gravitational softening and central mass;Leapfrog / velocity-Verlet;"bcast; scatter; allgather; isend; irecv; gather; reduce; allreduce; Barrier";";";0.002321;0.001937;1.008895;0.267951;0.005021;0.072662;0.000000;0.000000;1.246756;DESKTOP-CVDFUJ0;benchmark_N1000_P8_R2;results\results_pcs\DESKTOP-CVDFUJ0\benchmark_N1000_P8_R2\runtime_summary.csv
1000;1000.0;25.0;1000.0;benchmark;1.348874;1.35 s;8;[125, 125, 125, 125, 125, 125, 125, 125];1000;40;2;1000.0;True;{'total_mass': 486047.9912697037, 'com_x': 1.1696611427209822, 'com_y': -1.9627521247335886, 'com_z': 0.126458135091456, 'com_speed': 0.0034014448922922453};0;not_generated;Newtonian all-pairs N-body with gravitational softening and central mass;Leapfrog / velocity-Verlet;"bcast; scatter; allgather; isend; irecv; gather; reduce; allreduce; Barrier";";";0.002463;0.001976;1.086757;0.235332;0.004306;0.089484;0.000000;0.000000;1.348874;DESKTOP-CVDFUJ0;benchmark_N1000_P8_R3;results\results_pcs\DESKTOP-CVDFUJ0\benchmark_N1000_P8_R3\runtime_summary.csv
1500;1000.0;25.0;1000.0;benchmark;8.851684;8.85 s;1;[1500];1500;40;2;1000.0;True;{'total_mass': 731912.8784950824, 'com_x': -0.796923573237358, 'com_y': 1.3603072246079875, 'com_z': 0.11407155608226605, 'com_speed': 0.004726115211324676};0;not_generated;Newtonian all-pairs N-body with gravitational softening and central mass;Leapfrog / velocity-Verlet;"bcast; scatter; allgather; isend; irecv; gather; reduce; allreduce; Barrier";";";0.001509;0.000370;8.704560;0.000000;0.001699;0.126277;0.000000;0.000000;8.851684;DESKTOP-CVDFUJ0;benchmark_N1500_P1_R1;results\results_pcs\DESKTOP-CVDFUJ0\benchmark_N1500_P1_R1\runtime_summary.csv
1500;1000.0;25.0;1000.0;benchmark;8.788606;8.79 s;1;[1500];1500;40;2;1000.0;True;{'total_mass': 731912.8784950824, 'com_x': -0.796923573237358, 'com_y': 1.3603072246079875, 'com_z': 0.11407155608226605, 'com_speed': 0.004726115211324676};0;not_generated;Newtonian all-pairs N-body with gravitational softening and central mass;Leapfrog / velocity-Verlet;"bcast; scatter; allgather; isend; irecv; gather; reduce; allreduce; Barrier";";";0.001474;0.000363;8.651081;0.000000;0.001517;0.116140;0.000000;0.000000;8.788606;DESKTOP-CVDFUJ0;benchmark_N1500_P1_R2;results\results_pcs\DESKTOP-CVDFUJ0\benchmark_N1500_P1_R2\runtime_summary.csv
1500;1000.0;25.0;1000.0;benchmark;8.589649;8.59 s;1;[1500];1500;40;2;1000.0;True;{'total_mass': 731912.8784950824, 'com_x': -0.796923573237358, 'com_y': 1.3603072246079875, 'com_z': 0.11407155608226605, 'com_speed': 0.004726115211324676};0;not_generated;Newtonian all-pairs N-body with gravitational softening and central mass;Leapfrog / velocity-Verlet;"bcast; scatter; allgather; isend; irecv; gather; reduce; allreduce; Barrier";";";0.001479;0.000363;8.452649;0.000000;0.002079;0.116315;0.000000;0.000000;8.589649;DESKTOP-CVDFUJ0;benchmark_N1500_P1_R3;results\results_pcs\DESKTOP-CVDFUJ0\benchmark_N1500_P1_R3\runtime_summary.csv
1500;1000.0;25.0;1000.0;benchmark;5.394250;5.39 s;2;[750, 750];1500;40;2;1000.0;True;{'total_mass': 729887.5153673517, 'com_x': 1.4485667399185462, 'com_y': 0.2728512250222165, 'com_z': 0.4692868438218336, 'com_speed': 0.0026562797559471435};0;not_generated;Newtonian all-pairs N-body with gravitational softening and central mass;Leapfrog / velocity-Verlet;"bcast; scatter; allgather; isend; irecv; gather; reduce; allreduce; Barrier";";";0.001990;0.000923;5.207425;0.111720;0.007015;0.112706;0.000000;0.000000;5.394250;DESKTOP-CVDFUJ0;benchmark_N1500_P2_R1;results\results_pcs\DESKTOP-CVDFUJ0\benchmark_N1500_P2_R1\runtime_summary.csv
1500;1000.0;25.0;1000.0;benchmark;5.179110;5.18 s;2;[750, 750];1500;40;2;1000.0;True;{'total_mass': 729887.5153673517, 'com_x': 1.4485667399185462, 'com_y': 0.2728512250222165, 'com_z': 0.4692868438218336, 'com_speed': 0.0026562797559471435};0;not_generated;Newtonian all-pairs N-body with gravitational softening and central mass;Leapfrog / velocity-Verlet;"bcast; scatter; allgather; isend; irecv; gather; reduce; allreduce; Barrier";";";0.001617;0.000671;4.984213;0.123235;0.003573;0.119817;0.000000;0.000000;5.179110;DESKTOP-CVDFUJ0;benchmark_N1500_P2_R2;results\results_pcs\DESKTOP-CVDFUJ0\benchmark_N1500_P2_R2\runtime_summary.csv
1500;1000.0;25.0;1000.0;benchmark;5.198594;5.20 s;2;[750, 750];1500;40;2;1000.0;True;{'total_mass': 729887.5153673517, 'com_x': 1.4485667399185462, 'com_y': 0.2728512250222165, 'com_z': 0.4692868438218336, 'com_speed': 0.0026562797559471435};0;not_generated;Newtonian all-pairs N-body with gravitational softening and central mass;Leapfrog / velocity-Verlet;"bcast; scatter; allgather; isend; irecv; gather; reduce; allreduce; Barrier";";";0.001904;0.000658;5.007920;0.118744;0.003704;0.116057;0.000000;0.000000;5.198594;DESKTOP-CVDFUJ0;benchmark_N1500_P2_R3;results\results_pcs\DESKTOP-CVDFUJ0\benchmark_N1500_P2_R3\runtime_summary.csv
1500;1000.0;25.0;1000.0;benchmark;4.153225;4.15 s;4;[375, 375, 375, 375];1500;40;2;1000.0;True;{'total_mass': 727682.7527854944, 'com_x': -0.29836862144908854, 'com_y': -0.4737964382209859, 'com_z': -0.457454149525691, 'com_speed': 0.0033910571365648534};0;not_generated;Newtonian all-pairs N-body with gravitational softening and central mass;Leapfrog / velocity-Verlet;"bcast; scatter; allgather; isend; irecv; gather; reduce; allreduce; Barrier";";";0.001789;0.001444;3.702592;0.417411;0.013411;0.119410;0.000000;0.000000;4.153225;DESKTOP-CVDFUJ0;benchmark_N1500_P4_R1;results\results_pcs\DESKTOP-CVDFUJ0\benchmark_N1500_P4_R1\runtime_summary.csv
1500;1000.0;25.0;1000.0;benchmark;3.728958;3.73 s;4;[375, 375, 375, 375];1500;40;2;1000.0;True;{'total_mass': 727682.7527854944, 'com_x': -0.29836862144908854, 'com_y': -0.4737964382209859, 'com_z': -0.457454149525691, 'com_speed': 0.0033910571365648534};0;not_generated;Newtonian all-pairs N-body with gravitational softening and central mass;Leapfrog / velocity-Verlet;"bcast; scatter; allgather; isend; irecv; gather; reduce; allreduce; Barrier";";";0.002016;0.001496;3.319067;0.379154;0.007159;0.120143;0.000000;0.000000;3.728958;DESKTOP-CVDFUJ0;benchmark_N1500_P4_R2;results\results_pcs\DESKTOP-CVDFUJ0\benchmark_N1500_P4_R2\runtime_summary.csv
1500;1000.0;25.0;1000.0;benchmark;3.805680;3.81 s;4;[375, 375, 375, 375];1500;40;2;1000.0;True;{'total_mass': 727682.7527854944, 'com_x': -0.29836862144908854, 'com_y': -0.4737964382209859, 'com_z': -0.457454149525691, 'com_speed': 0.0033910571365648534};0;not_generated;Newtonian all-pairs N-body with gravitational softening and central mass;Leapfrog / velocity-Verlet;"bcast; scatter; allgather; isend; irecv; gather; reduce; allreduce; Barrier";";";0.001700;0.001196;3.404974;0.388898;0.015990;0.115454;0.000000;0.000000;3.805680;DESKTOP-CVDFUJ0;benchmark_N1500_P4_R3;results\results_pcs\DESKTOP-CVDFUJ0\benchmark_N1500_P4_R3\runtime_summary.csv
2000;1000.0;25.0;1000.0;benchmark;15.562950;15.56 s;1;[2000];2000;40;2;1000.0;True;{'total_mass': 973068.9471570603, 'com_x': 0.26796783638657656, 'com_y': -0.11784278733434225, 'com_z': -0.07703508960068618, 'com_speed': 0.00035218803969960767};0;not_generated;Newtonian all-pairs N-body with gravitational softening and central mass;Leapfrog / velocity-Verlet;"bcast; scatter; allgather; isend; irecv; gather; reduce; allreduce; Barrier";";";0.001828;0.000418;15.364868;0.000000;0.001417;0.180458;0.000000;0.000000;15.562950;DESKTOP-CVDFUJ0;benchmark_N2000_P1_R1;results\results_pcs\DESKTOP-CVDFUJ0\benchmark_N2000_P1_R1\runtime_summary.csv
2000;1000.0;25.0;1000.0;benchmark;15.340818;15.34 s;1;[2000];2000;40;2;1000.0;True;{'total_mass': 973068.9471570603, 'com_x': 0.26796783638657656, 'com_y': -0.11784278733434225, 'com_z': -0.07703508960068618, 'com_speed': 0.00035218803969960767};0;not_generated;Newtonian all-pairs N-body with gravitational softening and central mass;Leapfrog / velocity-Verlet;"bcast; scatter; allgather; isend; irecv; gather; reduce; allreduce; Barrier";";";0.001798;0.000410;15.156086;0.000000;0.001681;0.165846;0.000000;0.000000;15.340818;DESKTOP-CVDFUJ0;benchmark_N2000_P1_R2;results\results_pcs\DESKTOP-CVDFUJ0\benchmark_N2000_P1_R2\runtime_summary.csv
2000;1000.0;25.0;1000.0;benchmark;15.653865;15.65 s;1;[2000];2000;40;2;1000.0;True;{'total_mass': 973068.9471570603, 'com_x': 0.26796783638657656, 'com_y': -0.11784278733434225, 'com_z': -0.07703508960068618, 'com_speed': 0.00035218803969960767};0;not_generated;Newtonian all-pairs N-body with gravitational softening and central mass;Leapfrog / velocity-Verlet;"bcast; scatter; allgather; isend; irecv; gather; reduce; allreduce; Barrier";";";0.001775;0.000387;15.471988;0.000000;0.001307;0.164352;0.000000;0.000000;15.653865;DESKTOP-CVDFUJ0;benchmark_N2000_P1_R3;results\results_pcs\DESKTOP-CVDFUJ0\benchmark_N2000_P1_R3\runtime_summary.csv
2000;1000.0;25.0;1000.0;benchmark;9.198013;9.20 s;2;[1000, 1000];2000;40;2;1000.0;True;{'total_mass': 970900.115129367, 'com_x': -0.4260024045371707, 'com_y': 0.36924759069309854, 'com_z': -0.06296967697742718, 'com_speed': 0.0006233429287988826};0;not_generated;Newtonian all-pairs N-body with gravitational softening and central mass;Leapfrog / velocity-Verlet;"bcast; scatter; allgather; isend; irecv; gather; reduce; allreduce; Barrier";";";0.002727;0.000774;8.907936;0.185056;0.011757;0.170370;0.000000;0.000000;9.198013;DESKTOP-CVDFUJ0;benchmark_N2000_P2_R1;results\results_pcs\DESKTOP-CVDFUJ0\benchmark_N2000_P2_R1\runtime_summary.csv
2000;1000.0;25.0;1000.0;benchmark;9.436353;9.44 s;2;[1000, 1000];2000;40;2;1000.0;True;{'total_mass': 970900.115129367, 'com_x': -0.4260024045371707, 'com_y': 0.36924759069309854, 'com_z': -0.06296967697742718, 'com_speed': 0.0006233429287988826};0;not_generated;Newtonian all-pairs N-body with gravitational softening and central mass;Leapfrog / velocity-Verlet;"bcast; scatter; allgather; isend; irecv; gather; reduce; allreduce; Barrier";";";0.002855;0.000724;9.132453;0.195190;0.005415;0.180561;0.000000;0.000000;9.436353;DESKTOP-CVDFUJ0;benchmark_N2000_P2_R2;results\results_pcs\DESKTOP-CVDFUJ0\benchmark_N2000_P2_R2\runtime_summary.csv
2000;1000.0;25.0;1000.0;benchmark;9.231189;9.23 s;2;[1000, 1000];2000;40;2;1000.0;True;{'total_mass': 970900.115129367, 'com_x': -0.4260024045371707, 'com_y': 0.36924759069309854, 'com_z': -0.06296967697742718, 'com_speed': 0.0006233429287988826};0;not_generated;Newtonian all-pairs N-body with gravitational softening and central mass;Leapfrog / velocity-Verlet;"bcast; scatter; allgather; isend; irecv; gather; reduce; allreduce; Barrier";";";0.003022;0.000745;8.940794;0.189186;0.004367;0.172512;0.000000;0.000000;9.231189;DESKTOP-CVDFUJ0;benchmark_N2000_P2_R3;results\results_pcs\DESKTOP-CVDFUJ0\benchmark_N2000_P2_R3\runtime_summary.csv
2000;1000.0;25.0;1000.0;benchmark;6.571441;6.57 s;4;[500, 500, 500, 500];2000;40;2;1000.0;True;{'total_mass': 982442.0116658824, 'com_x': -0.43955091937631163, 'com_y': 1.8672435060218062, 'com_z': -0.8579044339283659, 'com_speed': 0.0031796593402094657};0;not_generated;Newtonian all-pairs N-body with gravitational softening and central mass;Leapfrog / velocity-Verlet;"bcast; scatter; allgather; isend; irecv; gather; reduce; allreduce; Barrier";";";0.003650;0.001695;6.039350;0.527859;0.010599;0.179564;0.000000;0.000000;6.571441;DESKTOP-CVDFUJ0;benchmark_N2000_P4_R1;results\results_pcs\DESKTOP-CVDFUJ0\benchmark_N2000_P4_R1\runtime_summary.csv
2000;1000.0;25.0;1000.0;benchmark;6.563820;6.56 s;4;[500, 500, 500, 500];2000;40;2;1000.0;True;{'total_mass': 982442.0116658824, 'com_x': -0.43955091937631163, 'com_y': 1.8672435060218062, 'com_z': -0.8579044339283659, 'com_speed': 0.0031796593402094657};0;not_generated;Newtonian all-pairs N-body with gravitational softening and central mass;Leapfrog / velocity-Verlet;"bcast; scatter; allgather; isend; irecv; gather; reduce; allreduce; Barrier";";";0.002669;0.001141;5.999189;0.542797;0.007064;0.183017;0.000000;0.000000;6.563820;DESKTOP-CVDFUJ0;benchmark_N2000_P4_R2;results\results_pcs\DESKTOP-CVDFUJ0\benchmark_N2000_P4_R2\runtime_summary.csv
2000;1000.0;25.0;1000.0;benchmark;7.857705;7.86 s;4;[500, 500, 500, 500];2000;40;2;1000.0;True;{'total_mass': 982442.0116658824, 'com_x': -0.43955091937631163, 'com_y': 1.8672435060218062, 'com_z': -0.8579044339283659, 'com_speed': 0.0031796593402094657};0;not_generated;Newtonian all-pairs N-body with gravitational softening and central mass;Leapfrog / velocity-Verlet;"bcast; scatter; allgather; isend; irecv; gather; reduce; allreduce; Barrier";";";0.003859;0.001180;7.254449;0.567023;0.015224;0.267216;0.000000;0.000000;7.857705;DESKTOP-CVDFUJ0;benchmark_N2000_P4_R3;results\results_pcs\DESKTOP-CVDFUJ0\benchmark_N2000_P4_R3\runtime_summary.csv
2000;1000.0;25.0;1000.0;benchmark;5.448173;5.45 s;8;[250, 250, 250, 250, 250, 250, 250, 250];2000;40;2;1000.0;True;{'total_mass': 961493.8528297723, 'com_x': -1.0606392978485384, 'com_y': -0.3157112758268106, 'com_z': -0.35955336850493136, 'com_speed': 0.003398777902351494};0;not_generated;Newtonian all-pairs N-body with gravitational softening and central mass;Leapfrog / velocity-Verlet;"bcast; scatter; allgather; isend; irecv; gather; reduce; allreduce; Barrier";";";0.002158;0.001967;4.656917;0.792228;0.011920;0.210825;0.000000;0.000000;5.448173;DESKTOP-CVDFUJ0;benchmark_N2000_P8_R1;results\results_pcs\DESKTOP-CVDFUJ0\benchmark_N2000_P8_R1\runtime_summary.csv
2000;1000.0;25.0;1000.0;benchmark;5.541778;5.54 s;8;[250, 250, 250, 250, 250, 250, 250, 250];2000;40;2;1000.0;True;{'total_mass': 961493.8528297723, 'com_x': -1.0606392978485384, 'com_y': -0.3157112758268106, 'com_z': -0.35955336850493136, 'com_speed': 0.003398777902351494};0;not_generated;Newtonian all-pairs N-body with gravitational softening and central mass;Leapfrog / velocity-Verlet;"bcast; scatter; allgather; isend; irecv; gather; reduce; allreduce; Barrier";";";0.002941;0.002653;4.856122;0.715243;0.008864;0.198482;0.000000;0.000000;5.541778;DESKTOP-CVDFUJ0;benchmark_N2000_P8_R2;results\results_pcs\DESKTOP-CVDFUJ0\benchmark_N2000_P8_R2\runtime_summary.csv
2000;1000.0;25.0;1000.0;benchmark;5.341161;5.34 s;8;[250, 250, 250, 250, 250, 250, 250, 250];2000;40;2;1000.0;True;{'total_mass': 961493.8528297723, 'com_x': -1.0606392978485384, 'com_y': -0.3157112758268106, 'com_z': -0.35955336850493136, 'com_speed': 0.003398777902351494};0;not_generated;Newtonian all-pairs N-body with gravitational softening and central mass;Leapfrog / velocity-Verlet;"bcast; scatter; allgather; isend; irecv; gather; reduce; allreduce; Barrier";";";0.002352;0.002319;4.560508;0.824066;0.009768;0.216535;0.000000;0.000000;5.341161;DESKTOP-CVDFUJ0;benchmark_N2000_P8_R3;results\results_pcs\DESKTOP-CVDFUJ0\benchmark_N2000_P8_R3\runtime_summary.csv
3000;1000.0;25.0;1000.0;benchmark;34.804677;34.80 s;1;[3000];3000;40;2;1000.0;True;{'total_mass': 1450976.032409444, 'com_x': -0.32553179489470896, 'com_y': 0.5428908519313614, 'com_z': 0.1246787117639487, 'com_speed': 0.0008802219047123639};0;not_generated;Newtonian all-pairs N-body with gravitational softening and central mass;Leapfrog / velocity-Verlet;"bcast; scatter; allgather; isend; irecv; gather; reduce; allreduce; Barrier";";";0.002572;0.000591;34.530174;0.000000;0.002316;0.244731;0.000000;0.000000;34.804677;DESKTOP-CVDFUJ0;benchmark_N3000_P1_R1;results\results_pcs\DESKTOP-CVDFUJ0\benchmark_N3000_P1_R1\runtime_summary.csv
3000;1000.0;25.0;1000.0;benchmark;34.398258;34.40 s;1;[3000];3000;40;2;1000.0;True;{'total_mass': 1450976.032409444, 'com_x': -0.32553179489470896, 'com_y': 0.5428908519313614, 'com_z': 0.1246787117639487, 'com_speed': 0.0008802219047123639};0;not_generated;Newtonian all-pairs N-body with gravitational softening and central mass;Leapfrog / velocity-Verlet;"bcast; scatter; allgather; isend; irecv; gather; reduce; allreduce; Barrier";";";0.002420;0.000503;34.143592;0.000000;0.002153;0.226301;0.000000;0.000000;34.398258;DESKTOP-CVDFUJ0;benchmark_N3000_P1_R2;results\results_pcs\DESKTOP-CVDFUJ0\benchmark_N3000_P1_R2\runtime_summary.csv
3000;1000.0;25.0;1000.0;benchmark;34.572920;34.57 s;1;[3000];3000;40;2;1000.0;True;{'total_mass': 1450976.032409444, 'com_x': -0.32553179489470896, 'com_y': 0.5428908519313614, 'com_z': 0.1246787117639487, 'com_speed': 0.0008802219047123639};0;not_generated;Newtonian all-pairs N-body with gravitational softening and central mass;Leapfrog / velocity-Verlet;"bcast; scatter; allgather; isend; irecv; gather; reduce; allreduce; Barrier";";";0.002094;0.000701;34.321694;0.000000;0.002296;0.221510;0.000000;0.000000;34.572920;DESKTOP-CVDFUJ0;benchmark_N3000_P1_R3;results\results_pcs\DESKTOP-CVDFUJ0\benchmark_N3000_P1_R3\runtime_summary.csv
500;1000.0;25.0;1000.0;benchmark;1.050232;1.05 s;1;[500];500;40;2;1000.0;True;{'total_mass': 245284.5089019017, 'com_x': 2.7883542905755276, 'com_y': 1.8787689569936314, 'com_z': -0.8376273255928602, 'com_speed': 0.006905065210668739};0;not_generated;Newtonian all-pairs N-body with gravitational softening and central mass;Leapfrog / velocity-Verlet;"bcast; scatter; allgather; isend; irecv; gather; reduce; allreduce; Barrier";";";0.003834;0.002170;1.016754;0.000000;0.001678;0.025857;0.000000;0.000000;1.050232;DESKTOP-CVDFUJ0;benchmark_N500_P1_R1;results\results_pcs\DESKTOP-CVDFUJ0\benchmark_N500_P1_R1\runtime_summary.csv
500;1000.0;25.0;1000.0;benchmark;1.074395;1.07 s;1;[500];500;40;2;1000.0;True;{'total_mass': 245284.5089019017, 'com_x': 2.7883542905755276, 'com_y': 1.8787689569936314, 'com_z': -0.8376273255928602, 'com_speed': 0.006905065210668739};0;not_generated;Newtonian all-pairs N-body with gravitational softening and central mass;Leapfrog / velocity-Verlet;"bcast; scatter; allgather; isend; irecv; gather; reduce; allreduce; Barrier";";";0.001099;0.000320;1.042421;0.000000;0.000991;0.025168;0.000000;0.000000;1.074395;DESKTOP-CVDFUJ0;benchmark_N500_P1_R2;results\results_pcs\DESKTOP-CVDFUJ0\benchmark_N500_P1_R2\runtime_summary.csv
500;1000.0;25.0;1000.0;benchmark;0.986361;0.99 s;1;[500];500;40;2;1000.0;True;{'total_mass': 245284.5089019017, 'com_x': 2.7883542905755276, 'com_y': 1.8787689569936314, 'com_z': -0.8376273255928602, 'com_speed': 0.006905065210668739};0;not_generated;Newtonian all-pairs N-body with gravitational softening and central mass;Leapfrog / velocity-Verlet;"bcast; scatter; allgather; isend; irecv; gather; reduce; allreduce; Barrier";";";0.001015;0.000294;0.955464;0.000000;0.000971;0.024556;0.000000;0.000000;0.986361;DESKTOP-CVDFUJ0;benchmark_N500_P1_R3;results\results_pcs\DESKTOP-CVDFUJ0\benchmark_N500_P1_R3\runtime_summary.csv
500;1000.0;25.0;1000.0;benchmark;0.613350;0.61 s;2;[250, 250];500;40;2;1000.0;True;{'total_mass': 247758.50789806183, 'com_x': 0.7352998625050123, 'com_y': -1.9488855682840414, 'com_z': 0.09052535604970235, 'com_speed': 0.0052669881002136};0;not_generated;Newtonian all-pairs N-body with gravitational softening and central mass;Leapfrog / velocity-Verlet;"bcast; scatter; allgather; isend; irecv; gather; reduce; allreduce; Barrier";";";0.001147;0.000866;0.551692;0.030985;0.001566;0.031770;0.000000;0.000000;0.613350;DESKTOP-CVDFUJ0;benchmark_N500_P2_R1;results\results_pcs\DESKTOP-CVDFUJ0\benchmark_N500_P2_R1\runtime_summary.csv
500;1000.0;25.0;1000.0;benchmark;0.598203;0.60 s;2;[250, 250];500;40;2;1000.0;True;{'total_mass': 247758.50789806183, 'com_x': 0.7352998625050123, 'com_y': -1.9488855682840414, 'com_z': 0.09052535604970235, 'com_speed': 0.0052669881002136};0;not_generated;Newtonian all-pairs N-body with gravitational softening and central mass;Leapfrog / velocity-Verlet;"bcast; scatter; allgather; isend; irecv; gather; reduce; allreduce; Barrier";";";0.001334;0.000658;0.548270;0.025980;0.001851;0.025584;0.000000;0.000000;0.598203;DESKTOP-CVDFUJ0;benchmark_N500_P2_R2;results\results_pcs\DESKTOP-CVDFUJ0\benchmark_N500_P2_R2\runtime_summary.csv
500;1000.0;25.0;1000.0;benchmark;0.655809;0.66 s;2;[250, 250];500;40;2;1000.0;True;{'total_mass': 247758.50789806183, 'com_x': 0.7352998625050123, 'com_y': -1.9488855682840414, 'com_z': 0.09052535604970235, 'com_speed': 0.0052669881002136};0;not_generated;Newtonian all-pairs N-body with gravitational softening and central mass;Leapfrog / velocity-Verlet;"bcast; scatter; allgather; isend; irecv; gather; reduce; allreduce; Barrier";";";0.001323;0.000664;0.595794;0.037818;0.003228;0.028395;0.000000;0.000000;0.655809;DESKTOP-CVDFUJ0;benchmark_N500_P2_R3;results\results_pcs\DESKTOP-CVDFUJ0\benchmark_N500_P2_R3\runtime_summary.csv
500;1000.0;25.0;1000.0;benchmark;0.439957;0.44 s;4;[125, 125, 125, 125];500;40;2;1000.0;True;{'total_mass': 246334.41419434952, 'com_x': 0.27972088852271965, 'com_y': -1.0222100377756254, 'com_z': 0.045338231035041136, 'com_speed': 0.0017885620221282559};0;not_generated;Newtonian all-pairs N-body with gravitational softening and central mass;Leapfrog / velocity-Verlet;"bcast; scatter; allgather; isend; irecv; gather; reduce; allreduce; Barrier";";";0.001447;0.000949;0.355196;0.096295;0.001741;0.027924;0.000000;0.000000;0.439957;DESKTOP-CVDFUJ0;benchmark_N500_P4_R1;results\results_pcs\DESKTOP-CVDFUJ0\benchmark_N500_P4_R1\runtime_summary.csv
500;1000.0;25.0;1000.0;benchmark;0.543378;0.54 s;4;[125, 125, 125, 125];500;40;2;1000.0;True;{'total_mass': 246334.41419434952, 'com_x': 0.27972088852271965, 'com_y': -1.0222100377756254, 'com_z': 0.045338231035041136, 'com_speed': 0.0017885620221282559};0;not_generated;Newtonian all-pairs N-body with gravitational softening and central mass;Leapfrog / velocity-Verlet;"bcast; scatter; allgather; isend; irecv; gather; reduce; allreduce; Barrier";";";0.001868;0.001180;0.433037;0.118740;0.003775;0.034078;0.000000;0.000000;0.543378;DESKTOP-CVDFUJ0;benchmark_N500_P4_R2;results\results_pcs\DESKTOP-CVDFUJ0\benchmark_N500_P4_R2\runtime_summary.csv
500;1000.0;25.0;1000.0;benchmark;0.445384;0.45 s;4;[125, 125, 125, 125];500;40;2;1000.0;True;{'total_mass': 246334.41419434952, 'com_x': 0.27972088852271965, 'com_y': -1.0222100377756254, 'com_z': 0.045338231035041136, 'com_speed': 0.0017885620221282559};0;not_generated;Newtonian all-pairs N-body with gravitational softening and central mass;Leapfrog / velocity-Verlet;"bcast; scatter; allgather; isend; irecv; gather; reduce; allreduce; Barrier";";";0.001697;0.001566;0.347331;0.086446;0.003316;0.030867;0.000000;0.000000;0.445384;DESKTOP-CVDFUJ0;benchmark_N500_P4_R3;results\results_pcs\DESKTOP-CVDFUJ0\benchmark_N500_P4_R3\runtime_summary.csv
1000;1000.0;25.0;1000.0;custom;3.405418;3.41 s;4;[250, 250, 250, 250];1000;40;2;1000.0;True;{'total_mass': 487032.4835002239, 'com_x': -1.4528614832768303, 'com_y': -1.5497299355184504, 'com_z': -0.26879976828723207, 'com_speed': 0.0027465048804115287};0;not_generated;Newtonian all-pairs N-body with gravitational softening and central mass;Leapfrog / velocity-Verlet;"bcast; scatter; allgather; isend; irecv; gather; reduce; allreduce; Barrier";";";0.001898;0.000983;1.420597;1.090907;0.009565;0.066406;1.753280;0.000000;3.405418;DESKTOP-CVDFUJ0;plot_no_gif_N1000_P4_R1;results\results_pcs\DESKTOP-CVDFUJ0\plot_no_gif_N1000_P4_R1\runtime_summary.csv
1000;1000.0;25.0;1000.0;custom;3.394695;3.39 s;4;[250, 250, 250, 250];1000;40;2;1000.0;True;{'total_mass': 487032.4835002239, 'com_x': -1.4528614832768303, 'com_y': -1.5497299355184504, 'com_z': -0.26879976828723207, 'com_speed': 0.0027465048804115287};0;not_generated;Newtonian all-pairs N-body with gravitational softening and central mass;Leapfrog / velocity-Verlet;"bcast; scatter; allgather; isend; irecv; gather; reduce; allreduce; Barrier";";";0.001710;0.001109;1.441620;1.123485;0.005425;0.069393;1.699483;0.000000;3.394695;DESKTOP-CVDFUJ0;plot_no_gif_N1000_P4_R2;results\results_pcs\DESKTOP-CVDFUJ0\plot_no_gif_N1000_P4_R2\runtime_summary.csv
1000;1000.0;25.0;1000.0;custom;3.265177;3.27 s;4;[250, 250, 250, 250];1000;40;2;1000.0;True;{'total_mass': 487032.4835002239, 'com_x': -1.4528614832768303, 'com_y': -1.5497299355184504, 'com_z': -0.26879976828723207, 'com_speed': 0.0027465048804115287};0;not_generated;Newtonian all-pairs N-body with gravitational softening and central mass;Leapfrog / velocity-Verlet;"bcast; scatter; allgather; isend; irecv; gather; reduce; allreduce; Barrier";";";0.001586;0.000948;1.429647;1.074488;0.003754;0.063365;1.640151;0.000000;3.265177;DESKTOP-CVDFUJ0;plot_no_gif_N1000_P4_R3;results\results_pcs\DESKTOP-CVDFUJ0\plot_no_gif_N1000_P4_R3\runtime_summary.csv
1000;1000.0;25.0;1000.0;benchmark;3.785482;3.79 s;1;[1000];1000;40;2;1000.0;True;{'total_mass': 484119.4215580409, 'com_x': -1.537849629764002, 'com_y': 1.1494400314449364, 'com_z': -0.24296202125951122, 'com_speed': 0.0026597177056964924};0;not_generated;Newtonian all-pairs N-body with gravitational softening and central mass;Leapfrog / velocity-Verlet;"bcast; scatter; allgather; isend; irecv; gather; reduce; allreduce; Barrier";";";0.001433;0.000538;3.697061;0.000000;0.001161;0.078386;0.000000;0.000000;3.785482;LAPTOP-C1CDPADH;benchmark_N1000_P1_R1;results\results_pcs\LAPTOP-C1CDPADH\benchmark_N1000_P1_R1\runtime_summary.csv
1000;1000.0;25.0;1000.0;benchmark;3.745566;3.75 s;1;[1000];1000;40;2;1000.0;True;{'total_mass': 484119.4215580409, 'com_x': -1.537849629764002, 'com_y': 1.1494400314449364, 'com_z': -0.24296202125951122, 'com_speed': 0.0026597177056964924};0;not_generated;Newtonian all-pairs N-body with gravitational softening and central mass;Leapfrog / velocity-Verlet;"bcast; scatter; allgather; isend; irecv; gather; reduce; allreduce; Barrier";";";0.001277;0.000340;3.675564;0.000000;0.001100;0.059448;0.000000;0.000000;3.745566;LAPTOP-C1CDPADH;benchmark_N1000_P1_R2;results\results_pcs\LAPTOP-C1CDPADH\benchmark_N1000_P1_R2\runtime_summary.csv
1000;1000.0;25.0;1000.0;benchmark;3.770907;3.77 s;1;[1000];1000;40;2;1000.0;True;{'total_mass': 484119.4215580409, 'com_x': -1.537849629764002, 'com_y': 1.1494400314449364, 'com_z': -0.24296202125951122, 'com_speed': 0.0026597177056964924};0;not_generated;Newtonian all-pairs N-body with gravitational softening and central mass;Leapfrog / velocity-Verlet;"bcast; scatter; allgather; isend; irecv; gather; reduce; allreduce; Barrier";";";0.001339;0.000310;3.697193;0.000000;0.001281;0.063120;0.000000;0.000000;3.770907;LAPTOP-C1CDPADH;benchmark_N1000_P1_R3;results\results_pcs\LAPTOP-C1CDPADH\benchmark_N1000_P1_R3\runtime_summary.csv
1000;1000.0;25.0;1000.0;benchmark;1.834433;1.83 s;2;[500, 500];1000;40;2;1000.0;True;{'total_mass': 487254.86199814884, 'com_x': 0.41806842316458065, 'com_y': 1.4849691861035983, 'com_z': -0.41933000470847026, 'com_speed': 0.0039032223102321508};0;not_generated;Newtonian all-pairs N-body with gravitational softening and central mass;Leapfrog / velocity-Verlet;"bcast; scatter; allgather; isend; irecv; gather; reduce; allreduce; Barrier";";";0.001749;0.000557;1.729828;0.065734;0.003013;0.053091;0.000000;0.000000;1.834433;LAPTOP-C1CDPADH;benchmark_N1000_P2_R1;results\results_pcs\LAPTOP-C1CDPADH\benchmark_N1000_P2_R1\runtime_summary.csv
1000;1000.0;25.0;1000.0;benchmark;1.799556;1.80 s;2;[500, 500];1000;40;2;1000.0;True;{'total_mass': 487254.86199814884, 'com_x': 0.41806842316458065, 'com_y': 1.4849691861035983, 'com_z': -0.41933000470847026, 'com_speed': 0.0039032223102321508};0;not_generated;Newtonian all-pairs N-body with gravitational softening and central mass;Leapfrog / velocity-Verlet;"bcast; scatter; allgather; isend; irecv; gather; reduce; allreduce; Barrier";";";0.001948;0.000937;1.695655;0.069368;0.003362;0.051937;0.000000;0.000000;1.799556;LAPTOP-C1CDPADH;benchmark_N1000_P2_R2;results\results_pcs\LAPTOP-C1CDPADH\benchmark_N1000_P2_R2\runtime_summary.csv
1000;1000.0;25.0;1000.0;benchmark;1.822467;1.82 s;2;[500, 500];1000;40;2;1000.0;True;{'total_mass': 487254.86199814884, 'com_x': 0.41806842316458065, 'com_y': 1.4849691861035983, 'com_z': -0.41933000470847026, 'com_speed': 0.0039032223102321508};0;not_generated;Newtonian all-pairs N-body with gravitational softening and central mass;Leapfrog / velocity-Verlet;"bcast; scatter; allgather; isend; irecv; gather; reduce; allreduce; Barrier";";";0.002046;0.000821;1.718819;0.071271;0.001843;0.051532;0.000000;0.000000;1.822467;LAPTOP-C1CDPADH;benchmark_N1000_P2_R3;results\results_pcs\LAPTOP-C1CDPADH\benchmark_N1000_P2_R3\runtime_summary.csv
1000;1000.0;25.0;1000.0;benchmark;1.041205;1.04 s;4;[250, 250, 250, 250];1000;40;2;1000.0;True;{'total_mass': 487032.4835002239, 'com_x': -1.4528614832768303, 'com_y': -1.5497299355184504, 'com_z': -0.26879976828723207, 'com_speed': 0.0027465048804115287};0;not_generated;Newtonian all-pairs N-body with gravitational softening and central mass;Leapfrog / velocity-Verlet;"bcast; scatter; allgather; isend; irecv; gather; reduce; allreduce; Barrier";";";0.002362;0.001132;0.902031;0.113869;0.002981;0.051722;0.000000;0.000000;1.041205;LAPTOP-C1CDPADH;benchmark_N1000_P4_R1;results\results_pcs\LAPTOP-C1CDPADH\benchmark_N1000_P4_R1\runtime_summary.csv
1000;1000.0;25.0;1000.0;benchmark;1.139777;1.14 s;4;[250, 250, 250, 250];1000;40;2;1000.0;True;{'total_mass': 487032.4835002239, 'com_x': -1.4528614832768303, 'com_y': -1.5497299355184504, 'com_z': -0.26879976828723207, 'com_speed': 0.0027465048804115287};0;not_generated;Newtonian all-pairs N-body with gravitational softening and central mass;Leapfrog / velocity-Verlet;"bcast; scatter; allgather; isend; irecv; gather; reduce; allreduce; Barrier";";";0.001689;0.000865;0.987124;0.143198;0.003688;0.048658;0.000000;0.000000;1.139777;LAPTOP-C1CDPADH;benchmark_N1000_P4_R2;results\results_pcs\LAPTOP-C1CDPADH\benchmark_N1000_P4_R2\runtime_summary.csv
1000;1000.0;25.0;1000.0;benchmark;1.342830;1.34 s;4;[250, 250, 250, 250];1000;40;2;1000.0;True;{'total_mass': 487032.4835002239, 'com_x': -1.4528614832768303, 'com_y': -1.5497299355184504, 'com_z': -0.26879976828723207, 'com_speed': 0.0027465048804115287};0;not_generated;Newtonian all-pairs N-body with gravitational softening and central mass;Leapfrog / velocity-Verlet;"bcast; scatter; allgather; isend; irecv; gather; reduce; allreduce; Barrier";";";0.002052;0.001286;1.118014;0.215179;0.005687;0.062546;0.000000;0.000000;1.342830;LAPTOP-C1CDPADH;benchmark_N1000_P4_R3;results\results_pcs\LAPTOP-C1CDPADH\benchmark_N1000_P4_R3\runtime_summary.csv
1500;1000.0;25.0;1000.0;benchmark;10.023234;10.02 s;1;[1500];1500;40;2;1000.0;True;{'total_mass': 731912.8784950824, 'com_x': -0.796923573237358, 'com_y': 1.3603072246079875, 'com_z': 0.11407155608226605, 'com_speed': 0.004726115211324676};0;not_generated;Newtonian all-pairs N-body with gravitational softening and central mass;Leapfrog / velocity-Verlet;"bcast; scatter; allgather; isend; irecv; gather; reduce; allreduce; Barrier";";";0.002234;0.000578;9.883075;0.000000;0.001628;0.124659;0.000000;0.000000;10.023234;LAPTOP-C1CDPADH;benchmark_N1500_P1_R1;results\results_pcs\LAPTOP-C1CDPADH\benchmark_N1500_P1_R1\runtime_summary.csv
1500;1000.0;25.0;1000.0;benchmark;10.066623;10.07 s;1;[1500];1500;40;2;1000.0;True;{'total_mass': 731912.8784950824, 'com_x': -0.796923573237358, 'com_y': 1.3603072246079875, 'com_z': 0.11407155608226605, 'com_speed': 0.004726115211324676};0;not_generated;Newtonian all-pairs N-body with gravitational softening and central mass;Leapfrog / velocity-Verlet;"bcast; scatter; allgather; isend; irecv; gather; reduce; allreduce; Barrier";";";0.001465;0.000348;9.948110;0.000000;0.001261;0.103996;0.000000;0.000000;10.066623;LAPTOP-C1CDPADH;benchmark_N1500_P1_R2;results\results_pcs\LAPTOP-C1CDPADH\benchmark_N1500_P1_R2\runtime_summary.csv
1500;1000.0;25.0;1000.0;benchmark;10.338874;10.34 s;1;[1500];1500;40;2;1000.0;True;{'total_mass': 731912.8784950824, 'com_x': -0.796923573237358, 'com_y': 1.3603072246079875, 'com_z': 0.11407155608226605, 'com_speed': 0.004726115211324676};0;not_generated;Newtonian all-pairs N-body with gravitational softening and central mass;Leapfrog / velocity-Verlet;"bcast; scatter; allgather; isend; irecv; gather; reduce; allreduce; Barrier";";";0.001657;0.000388;10.189975;0.000000;0.001672;0.134273;0.000000;0.000000;10.338874;LAPTOP-C1CDPADH;benchmark_N1500_P1_R3;results\results_pcs\LAPTOP-C1CDPADH\benchmark_N1500_P1_R3\runtime_summary.csv
1500;1000.0;25.0;1000.0;benchmark;5.380038;5.38 s;2;[750, 750];1500;40;2;1000.0;True;{'total_mass': 729887.5153673517, 'com_x': 1.4485667399185462, 'com_y': 0.2728512250222165, 'com_z': 0.4692868438218336, 'com_speed': 0.0026562797559471435};0;not_generated;Newtonian all-pairs N-body with gravitational softening and central mass;Leapfrog / velocity-Verlet;"bcast; scatter; allgather; isend; irecv; gather; reduce; allreduce; Barrier";";";0.001971;0.000931;5.085280;0.200712;0.005190;0.135437;0.000000;0.000000;5.380038;LAPTOP-C1CDPADH;benchmark_N1500_P2_R1;results\results_pcs\LAPTOP-C1CDPADH\benchmark_N1500_P2_R1\runtime_summary.csv
1500;1000.0;25.0;1000.0;benchmark;5.198678;5.20 s;2;[750, 750];1500;40;2;1000.0;True;{'total_mass': 729887.5153673517, 'com_x': 1.4485667399185462, 'com_y': 0.2728512250222165, 'com_z': 0.4692868438218336, 'com_speed': 0.0026562797559471435};0;not_generated;Newtonian all-pairs N-body with gravitational softening and central mass;Leapfrog / velocity-Verlet;"bcast; scatter; allgather; isend; irecv; gather; reduce; allreduce; Barrier";";";0.001647;0.000775;4.923171;0.177577;0.009306;0.126330;0.000000;0.000000;5.198678;LAPTOP-C1CDPADH;benchmark_N1500_P2_R2;results\results_pcs\LAPTOP-C1CDPADH\benchmark_N1500_P2_R2\runtime_summary.csv
1500;1000.0;25.0;1000.0;benchmark;5.501916;5.50 s;2;[750, 750];1500;40;2;1000.0;True;{'total_mass': 729887.5153673517, 'com_x': 1.4485667399185462, 'com_y': 0.2728512250222165, 'com_z': 0.4692868438218336, 'com_speed': 0.0026562797559471435};0;not_generated;Newtonian all-pairs N-body with gravitational softening and central mass;Leapfrog / velocity-Verlet;"bcast; scatter; allgather; isend; irecv; gather; reduce; allreduce; Barrier";";";0.001911;0.000644;5.191749;0.185831;0.003189;0.163504;0.000000;0.000000;5.501916;LAPTOP-C1CDPADH;benchmark_N1500_P2_R3;results\results_pcs\LAPTOP-C1CDPADH\benchmark_N1500_P2_R3\runtime_summary.csv
1500;1000.0;25.0;1000.0;benchmark;2.850866;2.85 s;4;[375, 375, 375, 375];1500;40;2;1000.0;True;{'total_mass': 727682.7527854944, 'com_x': -0.29836862144908854, 'com_y': -0.4737964382209859, 'com_z': -0.457454149525691, 'com_speed': 0.003391057136564853};0;not_generated;Newtonian all-pairs N-body with gravitational softening and central mass;Leapfrog / velocity-Verlet;"bcast; scatter; allgather; isend; irecv; gather; reduce; allreduce; Barrier";";";0.002351;0.001195;2.538697;0.262397;0.009055;0.122295;0.000000;0.000000;2.850866;LAPTOP-C1CDPADH;benchmark_N1500_P4_R1;results\results_pcs\LAPTOP-C1CDPADH\benchmark_N1500_P4_R1\runtime_summary.csv
1500;1000.0;25.0;1000.0;benchmark;2.824759;2.82 s;4;[375, 375, 375, 375];1500;40;2;1000.0;True;{'total_mass': 727682.7527854944, 'com_x': -0.29836862144908854, 'com_y': -0.4737964382209859, 'com_z': -0.457454149525691, 'com_speed': 0.003391057136564853};0;not_generated;Newtonian all-pairs N-body with gravitational softening and central mass;Leapfrog / velocity-Verlet;"bcast; scatter; allgather; isend; irecv; gather; reduce; allreduce; Barrier";";";0.002458;0.001310;2.491982;0.294164;0.007366;0.098568;0.000000;0.000000;2.824759;LAPTOP-C1CDPADH;benchmark_N1500_P4_R2;results\results_pcs\LAPTOP-C1CDPADH\benchmark_N1500_P4_R2\runtime_summary.csv
1500;1000.0;25.0;1000.0;benchmark;2.960167;2.96 s;4;[375, 375, 375, 375];1500;40;2;1000.0;True;{'total_mass': 727682.7527854944, 'com_x': -0.29836862144908854, 'com_y': -0.4737964382209859, 'com_z': -0.457454149525691, 'com_speed': 0.003391057136564853};0;not_generated;Newtonian all-pairs N-body with gravitational softening and central mass;Leapfrog / velocity-Verlet;"bcast; scatter; allgather; isend; irecv; gather; reduce; allreduce; Barrier";";";0.002695;0.001494;2.591330;0.274945;0.009513;0.144713;0.000000;0.000000;2.960167;LAPTOP-C1CDPADH;benchmark_N1500_P4_R3;results\results_pcs\LAPTOP-C1CDPADH\benchmark_N1500_P4_R3\runtime_summary.csv
2000;1000.0;25.0;1000.0;benchmark;18.020649;18.02 s;1;[2000];2000;40;2;1000.0;True;{'total_mass': 973068.9471570603, 'com_x': 0.26796783638657656, 'com_y': -0.11784278733434225, 'com_z': -0.07703508960068618, 'com_speed': 0.00035218803969960767};0;not_generated;Newtonian all-pairs N-body with gravitational softening and central mass;Leapfrog / velocity-Verlet;"bcast; scatter; allgather; isend; irecv; gather; reduce; allreduce; Barrier";";";0.002496;0.000733;17.839396;0.000000;0.001648;0.167354;0.000000;0.000000;18.020649;LAPTOP-C1CDPADH;benchmark_N2000_P1_R1;results\results_pcs\LAPTOP-C1CDPADH\benchmark_N2000_P1_R1\runtime_summary.csv
2000;1000.0;25.0;1000.0;benchmark;19.332755;19.33 s;1;[2000];2000;40;2;1000.0;True;{'total_mass': 973068.9471570603, 'com_x': 0.26796783638657656, 'com_y': -0.11784278733434225, 'com_z': -0.07703508960068618, 'com_speed': 0.00035218803969960767};0;not_generated;Newtonian all-pairs N-body with gravitational softening and central mass;Leapfrog / velocity-Verlet;"bcast; scatter; allgather; isend; irecv; gather; reduce; allreduce; Barrier";";";0.002089;0.000431;19.130613;0.000000;0.001643;0.186873;0.000000;0.000000;19.332755;LAPTOP-C1CDPADH;benchmark_N2000_P1_R2;results\results_pcs\LAPTOP-C1CDPADH\benchmark_N2000_P1_R2\runtime_summary.csv
2000;1000.0;25.0;1000.0;benchmark;17.114908;17.11 s;1;[2000];2000;40;2;1000.0;True;{'total_mass': 973068.9471570603, 'com_x': 0.26796783638657656, 'com_y': -0.11784278733434225, 'com_z': -0.07703508960068618, 'com_speed': 0.00035218803969960767};0;not_generated;Newtonian all-pairs N-body with gravitational softening and central mass;Leapfrog / velocity-Verlet;"bcast; scatter; allgather; isend; irecv; gather; reduce; allreduce; Barrier";";";0.001744;0.000346;16.926519;0.000000;0.001499;0.174084;0.000000;0.000000;17.114908;LAPTOP-C1CDPADH;benchmark_N2000_P1_R3;results\results_pcs\LAPTOP-C1CDPADH\benchmark_N2000_P1_R3\runtime_summary.csv
2000;1000.0;25.0;1000.0;benchmark;10.045256;10.05 s;2;[1000, 1000];2000;40;2;1000.0;True;{'total_mass': 970900.115129367, 'com_x': -0.4260024045371707, 'com_y': 0.36924759069309854, 'com_z': -0.06296967697742718, 'com_speed': 0.0006233429287988826};0;not_generated;Newtonian all-pairs N-body with gravitational softening and central mass;Leapfrog / velocity-Verlet;"bcast; scatter; allgather; isend; irecv; gather; reduce; allreduce; Barrier";";";0.002556;0.000637;9.642075;0.270875;0.006452;0.184549;0.000000;0.000000;10.045256;LAPTOP-C1CDPADH;benchmark_N2000_P2_R1;results\results_pcs\LAPTOP-C1CDPADH\benchmark_N2000_P2_R1\runtime_summary.csv
2000;1000.0;25.0;1000.0;benchmark;10.229885;10.23 s;2;[1000, 1000];2000;40;2;1000.0;True;{'total_mass': 970900.115129367, 'com_x': -0.4260024045371707, 'com_y': 0.36924759069309854, 'com_z': -0.06296967697742718, 'com_speed': 0.0006233429287988826};0;not_generated;Newtonian all-pairs N-body with gravitational softening and central mass;Leapfrog / velocity-Verlet;"bcast; scatter; allgather; isend; irecv; gather; reduce; allreduce; Barrier";";";0.002921;0.000982;9.877728;0.326105;0.005983;0.180696;0.000000;0.000000;10.229885;LAPTOP-C1CDPADH;benchmark_N2000_P2_R2;results\results_pcs\LAPTOP-C1CDPADH\benchmark_N2000_P2_R2\runtime_summary.csv
2000;1000.0;25.0;1000.0;benchmark;8.221687;8.22 s;2;[1000, 1000];2000;40;2;1000.0;True;{'total_mass': 970900.115129367, 'com_x': -0.4260024045371707, 'com_y': 0.36924759069309854, 'com_z': -0.06296967697742718, 'com_speed': 0.0006233429287988826};0;not_generated;Newtonian all-pairs N-body with gravitational softening and central mass;Leapfrog / velocity-Verlet;"bcast; scatter; allgather; isend; irecv; gather; reduce; allreduce; Barrier";";";0.002608;0.000748;7.934087;0.261948;0.004037;0.136261;0.000000;0.000000;8.221687;LAPTOP-C1CDPADH;benchmark_N2000_P2_R3;results\results_pcs\LAPTOP-C1CDPADH\benchmark_N2000_P2_R3\runtime_summary.csv
2000;1000.0;25.0;1000.0;benchmark;3.974673;3.97 s;4;[500, 500, 500, 500];2000;40;2;1000.0;True;{'total_mass': 982442.0116658824, 'com_x': -0.43955091937631163, 'com_y': 1.8672435060218062, 'com_z': -0.8579044339283659, 'com_speed': 0.0031796593402094657};0;not_generated;Newtonian all-pairs N-body with gravitational softening and central mass;Leapfrog / velocity-Verlet;"bcast; scatter; allgather; isend; irecv; gather; reduce; allreduce; Barrier";";";0.001935;0.001374;3.667061;0.275237;0.005410;0.142085;0.000000;0.000000;3.974673;LAPTOP-C1CDPADH;benchmark_N2000_P4_R1;results\results_pcs\LAPTOP-C1CDPADH\benchmark_N2000_P4_R1\runtime_summary.csv
2000;1000.0;25.0;1000.0;benchmark;4.118563;4.12 s;4;[500, 500, 500, 500];2000;40;2;1000.0;True;{'total_mass': 982442.0116658824, 'com_x': -0.43955091937631163, 'com_y': 1.8672435060218062, 'com_z': -0.8579044339283659, 'com_speed': 0.0031796593402094657};0;not_generated;Newtonian all-pairs N-body with gravitational softening and central mass;Leapfrog / velocity-Verlet;"bcast; scatter; allgather; isend; irecv; gather; reduce; allreduce; Barrier";";";0.002600;0.001024;3.777234;0.289217;0.006444;0.145221;0.000000;0.000000;4.118563;LAPTOP-C1CDPADH;benchmark_N2000_P4_R2;results\results_pcs\LAPTOP-C1CDPADH\benchmark_N2000_P4_R2\runtime_summary.csv
2000;1000.0;25.0;1000.0;benchmark;3.938670;3.94 s;4;[500, 500, 500, 500];2000;40;2;1000.0;True;{'total_mass': 982442.0116658824, 'com_x': -0.43955091937631163, 'com_y': 1.8672435060218062, 'com_z': -0.8579044339283659, 'com_speed': 0.0031796593402094657};0;not_generated;Newtonian all-pairs N-body with gravitational softening and central mass;Leapfrog / velocity-Verlet;"bcast; scatter; allgather; isend; irecv; gather; reduce; allreduce; Barrier";";";0.002051;0.000980;3.619255;0.259372;0.004701;0.141845;0.000000;0.000000;3.938670;LAPTOP-C1CDPADH;benchmark_N2000_P4_R3;results\results_pcs\LAPTOP-C1CDPADH\benchmark_N2000_P4_R3\runtime_summary.csv
500;1000.0;25.0;1000.0;benchmark;0.788567;0.79 s;1;[500];500;40;2;1000.0;True;{'total_mass': 245284.5089019017, 'com_x': 2.7883542905755276, 'com_y': 1.8787689569936314, 'com_z': -0.8376273255928602, 'com_speed': 0.006905065210668739};0;not_generated;Newtonian all-pairs N-body with gravitational softening and central mass;Leapfrog / velocity-Verlet;"bcast; scatter; allgather; isend; irecv; gather; reduce; allreduce; Barrier";";";0.001216;0.000304;0.764175;0.000000;0.000898;0.018986;0.000000;0.000000;0.788567;LAPTOP-C1CDPADH;benchmark_N500_P1_R1;results\results_pcs\LAPTOP-C1CDPADH\benchmark_N500_P1_R1\runtime_summary.csv
500;1000.0;25.0;1000.0;benchmark;0.797682;0.80 s;1;[500];500;40;2;1000.0;True;{'total_mass': 245284.5089019017, 'com_x': 2.7883542905755276, 'com_y': 1.8787689569936314, 'com_z': -0.8376273255928602, 'com_speed': 0.006905065210668739};0;not_generated;Newtonian all-pairs N-body with gravitational softening and central mass;Leapfrog / velocity-Verlet;"bcast; scatter; allgather; isend; irecv; gather; reduce; allreduce; Barrier";";";0.001246;0.000276;0.772165;0.000000;0.000810;0.019642;0.000000;0.000000;0.797682;LAPTOP-C1CDPADH;benchmark_N500_P1_R2;results\results_pcs\LAPTOP-C1CDPADH\benchmark_N500_P1_R2\runtime_summary.csv
500;1000.0;25.0;1000.0;benchmark;0.783165;0.78 s;1;[500];500;40;2;1000.0;True;{'total_mass': 245284.5089019017, 'com_x': 2.7883542905755276, 'com_y': 1.8787689569936314, 'com_z': -0.8376273255928602, 'com_speed': 0.006905065210668739};0;not_generated;Newtonian all-pairs N-body with gravitational softening and central mass;Leapfrog / velocity-Verlet;"bcast; scatter; allgather; isend; irecv; gather; reduce; allreduce; Barrier";";";0.000975;0.000265;0.758870;0.000000;0.000923;0.018656;0.000000;0.000000;0.783165;LAPTOP-C1CDPADH;benchmark_N500_P1_R3;results\results_pcs\LAPTOP-C1CDPADH\benchmark_N500_P1_R3\runtime_summary.csv
500;1000.0;25.0;1000.0;benchmark;0.462535;0.46 s;2;[250, 250];500;40;2;1000.0;True;{'total_mass': 247758.50789806183, 'com_x': 0.7352998625050123, 'com_y': -1.9488855682840414, 'com_z': 0.09052535604970235, 'com_speed': 0.0052669881002136};0;not_generated;Newtonian all-pairs N-body with gravitational softening and central mass;Leapfrog / velocity-Verlet;"bcast; scatter; allgather; isend; irecv; gather; reduce; allreduce; Barrier";";";0.002148;0.000698;0.421962;0.032273;0.001616;0.021291;0.000000;0.000000;0.462535;LAPTOP-C1CDPADH;benchmark_N500_P2_R1;results\results_pcs\LAPTOP-C1CDPADH\benchmark_N500_P2_R1\runtime_summary.csv
500;1000.0;25.0;1000.0;benchmark;0.491379;0.49 s;2;[250, 250];500;40;2;1000.0;True;{'total_mass': 247758.50789806183, 'com_x': 0.7352998625050123, 'com_y': -1.9488855682840414, 'com_z': 0.09052535604970235, 'com_speed': 0.0052669881002136};0;not_generated;Newtonian all-pairs N-body with gravitational softening and central mass;Leapfrog / velocity-Verlet;"bcast; scatter; allgather; isend; irecv; gather; reduce; allreduce; Barrier";";";0.001825;0.000554;0.440724;0.040046;0.001641;0.019177;0.000000;0.000000;0.491379;LAPTOP-C1CDPADH;benchmark_N500_P2_R2;results\results_pcs\LAPTOP-C1CDPADH\benchmark_N500_P2_R2\runtime_summary.csv
500;1000.0;25.0;1000.0;benchmark;0.525254;0.53 s;2;[250, 250];500;40;2;1000.0;True;{'total_mass': 247758.50789806183, 'com_x': 0.7352998625050123, 'com_y': -1.9488855682840414, 'com_z': 0.09052535604970235, 'com_speed': 0.0052669881002136};0;not_generated;Newtonian all-pairs N-body with gravitational softening and central mass;Leapfrog / velocity-Verlet;"bcast; scatter; allgather; isend; irecv; gather; reduce; allreduce; Barrier";";";0.002054;0.000703;0.470704;0.046642;0.002402;0.024264;0.000000;0.000000;0.525254;LAPTOP-C1CDPADH;benchmark_N500_P2_R3;results\results_pcs\LAPTOP-C1CDPADH\benchmark_N500_P2_R3\runtime_summary.csv
500;1000.0;25.0;1000.0;benchmark;0.373975;0.37 s;4;[125, 125, 125, 125];500;40;2;1000.0;True;{'total_mass': 246334.41419434952, 'com_x': 0.27972088852271965, 'com_y': -1.0222100377756254, 'com_z': 0.045338231035041136, 'com_speed': 0.001788562022128256};0;not_generated;Newtonian all-pairs N-body with gravitational softening and central mass;Leapfrog / velocity-Verlet;"bcast; scatter; allgather; isend; irecv; gather; reduce; allreduce; Barrier";";";0.003168;0.001329;0.294676;0.068266;0.001700;0.025145;0.000000;0.000000;0.373975;LAPTOP-C1CDPADH;benchmark_N500_P4_R1;results\results_pcs\LAPTOP-C1CDPADH\benchmark_N500_P4_R1\runtime_summary.csv
500;1000.0;25.0;1000.0;benchmark;0.359261;0.36 s;4;[125, 125, 125, 125];500;40;2;1000.0;True;{'total_mass': 246334.41419434952, 'com_x': 0.27972088852271965, 'com_y': -1.0222100377756254, 'com_z': 0.045338231035041136, 'com_speed': 0.001788562022128256};0;not_generated;Newtonian all-pairs N-body with gravitational softening and central mass;Leapfrog / velocity-Verlet;"bcast; scatter; allgather; isend; irecv; gather; reduce; allreduce; Barrier";";";0.002264;0.001427;0.283485;0.085058;0.003337;0.022007;0.000000;0.000000;0.359261;LAPTOP-C1CDPADH;benchmark_N500_P4_R2;results\results_pcs\LAPTOP-C1CDPADH\benchmark_N500_P4_R2\runtime_summary.csv
500;1000.0;25.0;1000.0;benchmark;0.291583;0.29 s;4;[125, 125, 125, 125];500;40;2;1000.0;True;{'total_mass': 246334.41419434952, 'com_x': 0.27972088852271965, 'com_y': -1.0222100377756254, 'com_z': 0.045338231035041136, 'com_speed': 0.001788562022128256};0;not_generated;Newtonian all-pairs N-body with gravitational softening and central mass;Leapfrog / velocity-Verlet;"bcast; scatter; allgather; isend; irecv; gather; reduce; allreduce; Barrier";";";0.001427;0.000815;0.231314;0.045677;0.001672;0.020917;0.000000;0.000000;0.291583;LAPTOP-C1CDPADH;benchmark_N500_P4_R3;results\results_pcs\LAPTOP-C1CDPADH\benchmark_N500_P4_R3\runtime_summary.csv
1000;1000.0;25.0;1000.0;custom;2.311883;2.31 s;4;[250, 250, 250, 250];1000;40;2;1000.0;True;{'total_mass': 487032.4835002239, 'com_x': -1.4528614832768303, 'com_y': -1.5497299355184504, 'com_z': -0.26879976828723207, 'com_speed': 0.0027465048804115287};0;not_generated;Newtonian all-pairs N-body with gravitational softening and central mass;Leapfrog / velocity-Verlet;"bcast; scatter; allgather; isend; irecv; gather; reduce; allreduce; Barrier";";";0.001692;0.000809;0.902744;0.791790;0.003442;0.049110;1.286013;0.000000;2.311883;LAPTOP-C1CDPADH;plot_no_gif_N1000_P4_R1;results\results_pcs\LAPTOP-C1CDPADH\plot_no_gif_N1000_P4_R1\runtime_summary.csv
1000;1000.0;25.0;1000.0;custom;2.285848;2.29 s;4;[250, 250, 250, 250];1000;40;2;1000.0;True;{'total_mass': 487032.4835002239, 'com_x': -1.4528614832768303, 'com_y': -1.5497299355184504, 'com_z': -0.26879976828723207, 'com_speed': 0.0027465048804115287};0;not_generated;Newtonian all-pairs N-body with gravitational softening and central mass;Leapfrog / velocity-Verlet;"bcast; scatter; allgather; isend; irecv; gather; reduce; allreduce; Barrier";";";0.001688;0.000862;0.868664;0.803751;0.002837;0.052699;1.306428;0.000000;2.285848;LAPTOP-C1CDPADH;plot_no_gif_N1000_P4_R2;results\results_pcs\LAPTOP-C1CDPADH\plot_no_gif_N1000_P4_R2\runtime_summary.csv
1000;1000.0;25.0;1000.0;custom;2.399041;2.40 s;4;[250, 250, 250, 250];1000;40;2;1000.0;True;{'total_mass': 487032.4835002239, 'com_x': -1.4528614832768303, 'com_y': -1.5497299355184504, 'com_z': -0.26879976828723207, 'com_speed': 0.0027465048804115287};0;not_generated;Newtonian all-pairs N-body with gravitational softening and central mass;Leapfrog / velocity-Verlet;"bcast; scatter; allgather; isend; irecv; gather; reduce; allreduce; Barrier";";";0.001674;0.000861;0.945069;0.792452;0.002203;0.046778;1.311664;0.000000;2.399041;LAPTOP-C1CDPADH;plot_no_gif_N1000_P4_R3;results\results_pcs\LAPTOP-C1CDPADH\plot_no_gif_N1000_P4_R3\runtime_summary.csv
